exp_name,exp_time,train_time,train_time_epoch,val_time_epoch,acc,loss,last_test_time_consumption
0,exp(TestAvgPooling)_gdbls_on_cifar10,"07/21/2022, 17:24:03",1044.062,14.501,8.363,0.9112,0.7289,
1,exp(TestAvgPooling)_gdbls_on_svhn,"07/21/2022, 18:49:05",1501.011,20.284,9.263,0.9683,0.5924,
2,exp(TestAvgPooling)_gdbls_on_cifar10,"07/21/2022, 19:35:52",1405.343,14.488,6.381,0.9203,0.711,
3,exp(TestCBAM)_gdbls_on_cifar10,"07/21/2022, 20:47:23",1169.816,17.203,6.535,0.9133,0.713,
4,exp(TestCBAM)_gdbls_on_cifar100,"07/21/2022, 21:35:47",1369.763,16.704,9.533,0.686,1.8619,
5,exp(TestCBAM)_gdbls_on_svhn,"07/21/2022, 22:33:58",1851.264,24.042,7.943,0.9676,0.5908,
6,exp(TestCBAM)_gdbls_on_cifar10,"07/21/2022, 23:22:42",1446.116,17.216,8.008,0.9101,0.7232,
7,exp(TestCBAM)_gdbls_on_cifar100,"07/22/2022, 00:13:30",1367.883,16.681,11.002,0.685,1.8709,
8,exp(TestCBAM)_gdbls_on_svhn,"07/22/2022, 00:56:54",1298.947,24.055,10.181,0.964,0.604,
9,exp(TestCBAM)_gdbls_on_cifar10,"07/22/2022, 01:37:58",1254.38,17.183,6.815,0.9143,0.716,
10,exp(TestCBAM)_gdbls_on_cifar100,"07/22/2022, 02:16:05",1134.862,16.689,7.423,0.678,1.8845,
11,exp(TestCBAM)_gdbls_on_svhn,"07/22/2022, 02:58:49",1348.363,24.078,8.067,0.9663,0.5925,
12,exp(TestCBAM)_gdbls_on_cifar10,"07/22/2022, 03:37:03",1168.038,17.177,6.985,0.9132,0.7188,
13,exp(TestCBAM)_gdbls_on_cifar100,"07/22/2022, 04:13:33",1068.759,16.699,8.196,0.6668,1.9191,
14,exp(TestCBAM)_gdbls_on_svhn,"07/22/2022, 05:11:22",1927.937,24.099,6.071,0.9672,0.593,
15,exp(TestCBAM)_gdbls_on_cifar10,"07/22/2022, 05:49:36",1168.896,17.19,6.889,0.9185,0.7036,
16,exp(TestCBAM)_gdbls_on_cifar100,"07/22/2022, 06:26:40",1085.767,16.704,8.21,0.6847,1.8788,
17,exp(TestCBAM)_gdbls_on_svhn,"07/22/2022, 07:28:19",2023.829,24.093,6.749,0.9674,0.59,
18,exp(TestCBAM)_gdbls_on_cifar10,"07/22/2022, 08:04:59",1169.359,17.196,5.471,0.9165,0.716,
19,exp(TestCBAM)_gdbls_on_cifar100,"07/22/2022, 08:41:35",1067.408,16.678,8.057,0.6791,1.8838,
20,exp(TestCBAM)_gdbls_on_svhn,"07/22/2022, 09:43:49",2143.455,24.084,4.781,0.9697,0.5898,
21,exp(TestCBAM)_gdbls_on_cifar10,"07/22/2022, 10:27:35",1444.997,17.202,4.519,0.911,0.7212,
22,exp(TestCBAM)_gdbls_on_cifar100,"07/22/2022, 11:09:40",1267.874,16.683,7.25,0.6765,1.8768,
23,exp(TestCBAM)_gdbls_on_svhn,"07/22/2022, 11:46:50",1201.284,24.026,6.91,0.964,0.6043,
24,exp(TestCBAM)_gdbls_on_cifar10,"07/22/2022, 12:33:17",1424.792,17.166,6.868,0.9234,0.6941,
25,exp(TestCBAM)_gdbls_on_cifar100,"07/22/2022, 13:18:51",1334.731,16.684,8.06,0.6785,1.8991,
26,exp(TestCBAM)_gdbls_on_svhn,"07/22/2022, 14:17:20",1875.843,24.049,7.307,0.966,0.5929,
27,exp(TestCBAM)_gdbls_on_cifar10,"07/22/2022, 15:06:25",1527.511,17.163,6.167,0.9152,0.7135,
28,exp(TestCBAM)_gdbls_on_cifar100,"07/22/2022, 15:55:22",1384.698,16.683,9.485,0.6742,1.9075,
29,exp(TestCBAM)_gdbls_on_svhn,"07/22/2022, 17:02:56",2188.662,24.051,7.345,0.9697,0.5857,
30,exp(TestCBAM)_gdbls_on_cifar10,"07/22/2022, 17:44:11",1270.066,17.163,6.647,0.9176,0.7099,
31,exp(TestCBAM)_gdbls_on_cifar100,"07/22/2022, 18:17:41",966.557,16.665,8.373,0.6737,1.9109,
32,exp(TestCBAM)_gdbls_on_svhn,"07/22/2022, 19:10:17",1706.165,24.03,7.11,0.968,0.5888,
33,exp(TestAvgPooling)_gdbls_on_cifar10,"07/22/2022, 22:13:54",1190.066,14.513,6.943,0.9111,0.7278,
34,exp(TestAvgPooling)_gdbls_on_cifar100,"07/22/2022, 22:57:13",1129.765,14.122,10.209,0.6322,2.0689,
35,exp(TestAvgPooling)_gdbls_on_svhn,"07/23/2022, 00:07:27",2173.286,20.311,7.873,0.9681,0.5912,
36,exp(TestAvgPooling)_gdbls_on_cifar10,"07/23/2022, 00:47:42",1147.656,14.527,7.52,0.911,0.7306,
37,exp(TestAvgPooling)_gdbls_on_cifar100,"07/23/2022, 01:29:55",1142.571,14.106,9.073,0.6472,2.0606,
38,exp(TestAvgPooling)_gdbls_on_svhn,"07/23/2022, 02:20:04",1584.533,20.315,6.977,0.9653,0.6016,
39,exp(TestAvgPooling)_gdbls_on_cifar10,"07/23/2022, 02:56:30",1059.858,14.519,7.14,0.9034,0.7468,
40,exp(TestAvgPooling)_gdbls_on_cifar100,"07/23/2022, 03:36:14",1144.132,14.125,7.419,0.6438,2.0406,
41,exp(TestAvgPooling)_gdbls_on_svhn,"07/23/2022, 04:21:02",1442.97,20.324,6.109,0.9633,0.6034,
42,exp(TestAvgPooling)_gdbls_on_cifar10,"07/23/2022, 04:56:59",1073.229,14.503,6.376,0.9131,0.7198,
43,exp(TestAvgPooling)_gdbls_on_cifar100,"07/23/2022, 05:30:13",974.41,14.122,6.622,0.6375,2.0728,
44,exp(TestAvgPooling)_gdbls_on_svhn,"07/23/2022, 06:24:09",1788.058,20.319,5.286,0.9679,0.5935,
45,exp(TestAvgPooling)_gdbls_on_cifar10,"07/23/2022, 07:00:07",1059.064,14.508,6.825,0.9065,0.7381,
46,exp(TestAvgPooling)_gdbls_on_cifar100,"07/23/2022, 07:37:57",1101.3,14.119,6.938,0.6412,2.0724,
47,exp(TestAvgPooling)_gdbls_on_svhn,"07/23/2022, 08:18:47",1301.37,20.334,6.42,0.9655,0.6016,
48,exp(TestAvgPooling)_gdbls_on_cifar10,"07/23/2022, 09:05:17",1464.557,14.501,5.082,0.9127,0.7318,
49,exp(TestAvgPooling)_gdbls_on_cifar100,"07/23/2022, 09:38:30",916.094,14.094,8.269,0.6351,2.081,
50,exp(TestAvgPooling)_gdbls_on_svhn,"07/23/2022, 10:36:11",1886.664,20.287,5.777,0.9659,0.5973,
51,exp(TestAvgPooling)_gdbls_on_cifar10,"07/23/2022, 11:08:12",897.892,14.482,7.844,0.9077,0.7372,
52,exp(TestAvgPooling)_gdbls_on_cifar100,"07/23/2022, 11:50:13",1141.979,14.099,8.96,0.649,2.0383,
53,exp(TestAvgPooling)_gdbls_on_svhn,"07/23/2022, 12:43:33",1746.799,20.312,5.671,0.9641,0.6016,
54,exp(TestAvgPooling)_gdbls_on_cifar10,"07/23/2022, 13:21:21",1116.872,14.505,6.72,0.9101,0.7365,
55,exp(TestAvgPooling)_gdbls_on_cifar100,"07/23/2022, 13:59:44",1041.861,14.079,8.871,0.649,2.0407,
56,exp(TestAvgPooling)_gdbls_on_svhn,"07/23/2022, 14:38:38",1134.253,20.255,9.702,0.9642,0.6068,
57,exp(TestAvgPooling)_gdbls_on_cifar10,"07/23/2022, 15:13:51",998.754,14.475,7.578,0.9075,0.744,
58,exp(TestAvgPooling)_gdbls_on_cifar100,"07/23/2022, 16:07:17",1338.622,14.091,11.71,0.6499,2.0456,
59,exp(TestAvgPooling)_gdbls_on_svhn,"07/23/2022, 16:57:50",1541.262,20.28,8.296,0.9657,0.5981,
60,exp(TestAvgPooling)_gdbls_on_cifar10,"07/23/2022, 17:27:43",826.107,14.493,8.284,0.9095,0.7369,
61,exp(TestAvgPooling)_gdbls_on_cifar100,"07/23/2022, 18:11:20",1283.52,14.105,6.838,0.6551,2.0223,
62,exp(TestAvgPooling)_gdbls_on_svhn,"07/23/2022, 18:52:25",1276.037,20.255,7.451,0.9657,0.599,
63,exp(TestOriginalPooling)_gdbls_on_cifar10,"07/23/2022, 21:38:01",1155.992,14.45,9.454,0.9125,0.7352,
64,exp(TestOriginalPooling)_gdbls_on_cifar100,"07/23/2022, 22:10:14",841.502,14.025,9.442,0.6344,2.0751,
65,exp(TestOriginalPooling)_gdbls_on_svhn,"07/23/2022, 22:54:15",1333.826,20.209,8.041,0.9614,0.6172,
66,exp(TestOriginalPooling)_gdbls_on_cifar10,"07/23/2022, 23:33:19",1112.402,14.447,7.508,0.913,0.7289,
67,exp(TestOriginalPooling)_gdbls_on_cifar100,"07/24/2022, 00:09:11",912.17,14.033,10.256,0.6491,2.0309,
68,exp(TestOriginalPooling)_gdbls_on_svhn,"07/24/2022, 01:09:11",1842.34,20.245,7.836,0.9643,0.6055,
69,exp(TestOriginalPooling)_gdbls_on_cifar10,"07/24/2022, 01:42:24",983.035,14.456,6.287,0.9089,0.7381,
70,exp(TestOriginalPooling)_gdbls_on_cifar100,"07/24/2022, 02:14:40",884.956,14.047,8.318,0.6465,2.0422,
71,exp(TestOriginalPooling)_gdbls_on_svhn,"07/24/2022, 03:19:14",2124.167,20.23,5.425,0.964,0.6026,
72,exp(TestOriginalPooling)_gdbls_on_cifar10,"07/24/2022, 03:51:14",911.574,14.469,7.321,0.9149,0.7299,
73,exp(TestOriginalPooling)_gdbls_on_cifar100,"07/24/2022, 04:22:50",843.801,14.063,8.933,0.6463,2.0474,
74,exp(TestOriginalPooling)_gdbls_on_svhn,"07/24/2022, 05:11:39",1535.954,20.21,6.756,0.9632,0.6096,
75,exp(TestOriginalPooling)_gdbls_on_cifar10,"07/24/2022, 05:37:28",722.419,14.448,7.723,0.8999,0.7712,
76,exp(TestOriginalPooling)_gdbls_on_cifar100,"07/24/2022, 06:12:46",1039.709,14.05,6.526,0.6548,2.0106,
77,exp(TestOriginalPooling)_gdbls_on_svhn,"07/24/2022, 06:57:27",1396.656,20.241,6.935,0.9632,0.6117,
78,exp(TestOriginalPooling)_gdbls_on_cifar10,"07/24/2022, 07:31:31",1015.432,14.506,6.183,0.9078,0.7509,
79,exp(TestOriginalPooling)_gdbls_on_cifar100,"07/24/2022, 08:03:59",914.272,14.066,7.755,0.6472,2.0373,
80,exp(TestOriginalPooling)_gdbls_on_svhn,"07/24/2022, 08:48:39",1437.104,20.241,5.875,0.9621,0.6129,
81,exp(TestOriginalPooling)_gdbls_on_cifar10,"07/24/2022, 09:17:17",867.618,14.46,5.644,0.9109,0.7387,
82,exp(TestOriginalPooling)_gdbls_on_cifar100,"07/24/2022, 09:57:07",1137.78,14.047,7.265,0.6558,2.0191,
83,exp(TestOriginalPooling)_gdbls_on_svhn,"07/24/2022, 10:41:09",1376.262,20.239,6.935,0.964,0.607,
84,exp(TestOriginalPooling)_gdbls_on_cifar10,"07/24/2022, 11:16:44",1070.758,14.47,5.926,0.9114,0.7387,
85,exp(TestOriginalPooling)_gdbls_on_cifar100,"07/24/2022, 11:55:29",1094.875,14.037,7.73,0.6481,2.0348,
86,exp(TestOriginalPooling)_gdbls_on_svhn,"07/24/2022, 13:01:40",2183.649,20.219,5.304,0.967,0.6002,
87,exp(TestOriginalPooling)_gdbls_on_cifar10,"07/24/2022, 13:40:34",1139.816,14.428,6.813,0.9204,0.7078,
88,exp(TestOriginalPooling)_gdbls_on_cifar100,"07/24/2022, 14:14:29",912.287,14.035,8.909,0.6359,2.0771,
89,exp(TestOriginalPooling)_gdbls_on_svhn,"07/24/2022, 15:06:14",1574.574,20.187,8.138,0.9641,0.6097,
90,exp(TestOriginalPooling)_gdbls_on_cifar10,"07/24/2022, 15:48:25",1242.984,14.453,6.624,0.9175,0.7231,
91,exp(TestOriginalPooling)_gdbls_on_cifar100,"07/24/2022, 16:19:46",841.824,14.03,9.035,0.6474,2.0361,
92,exp(TestOriginalPooling)_gdbls_on_svhn,"07/24/2022, 17:07:42",1517.845,20.238,6.493,0.961,0.6181,
93,exp(nni_tunning)_gdbls_on_cifar10,"07/24/2022, 21:38:28",844.615,14.316,0.508,0.9039,0.752,
94,exp(nni_tunning)_gdbls_on_cifar10,"07/24/2022, 22:16:59",1458.979,14.304,0.518,0.9135,0.7364,
95,exp(nni_tunning)_gdbls_on_cifar10,"07/24/2022, 22:35:23",686.136,14.294,0.519,0.901,0.7669,
96,exp(nni_tunning)_gdbls_on_cifar10,"07/24/2022, 23:00:31",943.922,14.302,0.519,0.909,0.7368,
97,exp(nni_tunning)_gdbls_on_cifar10,"07/24/2022, 23:24:31",902.51,14.326,0.517,0.9022,0.8179,
98,exp(nni_tunning)_gdbls_on_cifar10,"07/24/2022, 23:50:20",972.1,14.296,0.517,0.9065,0.7449,
99,exp(nni_tunning)_gdbls_on_cifar10,"07/25/2022, 00:15:47",957.547,14.292,0.517,0.9083,0.7425,
100,exp(nni_tunning)_gdbls_on_cifar10,"07/25/2022, 00:41:41",972.195,14.297,0.518,0.9142,0.7303,
101,exp(nni_tunning)_gdbls_on_cifar10,"07/25/2022, 01:11:13",1115.018,14.295,0.517,0.894,0.8313,
102,exp(nni_tunning)_gdbls_on_cifar10,"07/25/2022, 01:49:24",1445.304,14.31,0.517,0.9044,0.7612,
103,exp(nni_tunning)_gdbls_on_cifar10,"07/25/2022, 02:13:25",900.942,14.301,0.517,0.8888,0.8459,
104,exp(nni_tunning)_gdbls_on_cifar10,"07/25/2022, 02:33:37",758.221,14.306,0.516,0.8993,0.7638,
105,exp(nni_tunning)_gdbls_on_cifar10,"07/25/2022, 03:06:12",1232.91,14.336,0.516,0.9135,0.729,
106,exp(nni_tunning)_gdbls_on_cifar10,"07/25/2022, 03:38:51",1232.103,14.327,0.516,0.9116,0.7367,
107,exp(nni_tunning)_gdbls_on_cifar10,"07/25/2022, 04:09:09",1144.492,14.306,0.513,0.9121,0.7419,
108,exp(nni_tunning)_gdbls_on_cifar10,"07/25/2022, 04:27:13",672.312,14.305,0.514,0.8926,0.8476,
109,exp(nni_tunning)_gdbls_on_cifar10,"07/25/2022, 04:54:09",1015.841,14.308,0.514,0.9138,0.7303,
110,exp(nni_tunning)_gdbls_on_cifar10,"07/25/2022, 05:16:13",829.073,14.294,0.515,0.894,0.8348,
111,exp(nni_tunning)_gdbls_on_cifar10,"07/25/2022, 05:42:25",987.033,14.305,0.517,0.9108,0.7385,
112,exp(nni_tunning)_gdbls_on_cifar10,"07/25/2022, 06:06:43",915.683,14.308,0.517,0.9091,0.7403,
113,exp(nni_tunning)_gdbls_on_cifar10,"07/25/2022, 06:41:56",1330.459,14.306,0.515,0.9088,0.7407,
114,exp(nni_tunning)_gdbls_on_cifar10,"07/25/2022, 07:13:44",1201.215,14.3,0.515,0.9112,0.7341,
115,exp(nni_tunning)_gdbls_on_cifar10,"07/25/2022, 07:41:01",1029.709,14.302,0.513,0.9056,0.8122,
116,exp(nni_tunning)_gdbls_on_cifar10,"07/25/2022, 08:04:55",900.57,14.295,0.514,0.908,0.7485,
117,exp(nni_tunning)_gdbls_on_cifar10,"07/25/2022, 08:30:45",974.318,14.328,0.514,0.912,0.7323,
118,exp(nni_tunning)_gdbls_on_cifar10,"07/25/2022, 08:53:28",851.007,14.424,0.522,0.9057,0.7469,
119,exp(nni_tunning)_gdbls_on_cifar10,"07/25/2022, 09:22:39",1100.61,14.294,0.518,0.9049,0.8178,
120,exp(nni_tunning)_gdbls_on_cifar10,"07/25/2022, 09:48:50",986.37,14.295,0.517,0.9143,0.7312,
121,exp(nni_tunning)_gdbls_on_cifar10,"07/25/2022, 10:15:02",987.203,14.307,0.519,0.9133,0.7329,
122,exp(nni_tunning)_gdbls_on_cifar10,"07/25/2022, 10:42:43",1045.16,14.317,0.518,0.91,0.7414,
123,exp(nni_tunning)_gdbls_on_cifar10,"07/25/2022, 11:13:41",1172.622,14.3,0.517,0.9119,0.7345,
124,exp(nni_tunning)_gdbls_on_cifar10,"07/25/2022, 11:45:31",1201.289,14.301,0.516,0.9225,0.707,
125,exp(nni_tunning)_gdbls_on_cifar10,"07/25/2022, 12:11:21",973.37,14.314,0.519,0.9055,0.7434,
126,exp(nni_tunning)_gdbls_on_cifar10,"07/25/2022, 12:34:33",872.161,14.298,0.515,0.9115,0.7366,
127,exp(nni_tunning)_gdbls_on_cifar10,"07/25/2022, 12:56:13",814.821,14.295,0.515,0.9031,0.7662,
128,exp(nni_tunning)_gdbls_on_cifar10,"07/25/2022, 13:22:23",987.251,14.308,0.515,0.9146,0.7294,
129,exp(nni_tunning)_gdbls_on_cifar10,"07/25/2022, 13:51:30",1101.043,14.299,0.514,0.9133,0.7248,
130,exp(nni_tunning)_gdbls_on_cifar10,"07/25/2022, 14:19:57",1072.836,14.304,0.519,0.9131,0.7218,
131,exp(nni_tunning)_gdbls_on_cifar10,"07/25/2022, 14:54:42",1316.436,14.309,0.518,0.9198,0.7154,
132,exp(nni_tunning)_gdbls_on_cifar10,"07/25/2022, 15:37:00",1607.422,14.352,0.518,0.921,0.7097,
133,exp(nni_tunning)_gdbls_on_cifar10,"07/25/2022, 16:09:30",1231.322,14.318,0.517,0.9206,0.7267,
134,exp(nni_tunning)_gdbls_on_cifar10,"07/25/2022, 16:35:21",972.432,14.3,0.518,0.9141,0.7578,
135,exp(nni_tunning)_gdbls_on_cifar10,"07/25/2022, 17:00:26",943.68,14.298,0.517,0.9068,0.7523,
136,exp(nni_tunning)_gdbls_on_cifar10,"07/25/2022, 17:37:00",1385.171,14.28,0.514,0.9016,0.7908,
137,exp(nni_tunning)_gdbls_on_cifar10,"07/25/2022, 17:59:48",858.576,14.31,0.515,0.8914,0.8453,
138,exp(nni_tunning)_gdbls_on_cifar10,"07/25/2022, 18:27:08",1031.435,14.325,0.516,0.9137,0.7279,
139,exp(nni_tunning)_gdbls_on_cifar10,"07/25/2022, 18:54:33",1031.009,14.32,0.516,0.8998,0.8269,
140,exp(nni_tunning)_gdbls_on_cifar10,"07/25/2022, 19:14:25",744.188,14.311,0.514,0.9093,0.7451,
141,exp(nni_tunning)_gdbls_on_cifar10,"07/25/2022, 19:47:20",1244.16,14.301,0.514,0.9064,0.8103,
142,exp(nni_tunning)_gdbls_on_cifar10,"07/25/2022, 20:13:42",995.046,14.421,0.518,0.9003,0.8114,
143,exp(nni_tunning)_gdbls_on_cifar10,"07/25/2022, 20:38:05",917.567,14.337,0.513,0.912,0.7382,
144,exp(nni_tunning)_gdbls_on_cifar10,"07/25/2022, 21:06:53",1088.478,14.322,0.518,0.9171,0.7218,
145,exp(nni_tunning)_gdbls_on_cifar10,"07/25/2022, 21:45:01",1445.69,14.314,0.517,0.9216,0.7181,
146,exp(nni_tunning)_gdbls_on_cifar10,"07/25/2022, 22:20:15",1332.725,14.33,0.516,0.924,0.7107,
147,exp(nni_tunning)_gdbls_on_cifar10,"07/25/2022, 22:45:43",959.359,14.319,0.518,0.9158,0.7211,
148,exp(nni_tunning)_gdbls_on_cifar10,"07/25/2022, 23:11:29",973.036,14.309,0.517,0.9113,0.7398,
149,exp(nni_tunning)_gdbls_on_cifar10,"07/25/2022, 23:31:51",759.185,14.324,0.519,0.9127,0.735,
150,exp(nni_tunning)_gdbls_on_cifar10,"07/25/2022, 23:55:09",873.403,14.318,0.518,0.9081,0.7461,
151,exp(nni_tunning)_gdbls_on_cifar10,"07/26/2022, 00:22:29",1030.531,14.313,0.517,0.9061,0.7456,
152,exp(nni_tunning)_gdbls_on_cifar10,"07/26/2022, 00:53:12",1160.195,14.323,0.517,0.9178,0.7188,
153,exp(nni_tunning)_gdbls_on_cifar10,"07/26/2022, 01:22:43",1116.367,14.312,0.516,0.9167,0.7295,
154,exp(nni_tunning)_gdbls_on_cifar10,"07/26/2022, 01:41:04",687.288,14.318,0.515,0.9032,0.7558,
155,exp(nni_tunning)_gdbls_on_cifar10,"07/26/2022, 01:58:00",630.556,14.331,0.516,0.9072,0.7468,
156,exp(nni_tunning)_gdbls_on_cifar10,"07/26/2022, 02:26:06",1060.037,14.325,0.517,0.9132,0.7297,
157,exp(nni_tunning)_gdbls_on_cifar10,"07/26/2022, 02:50:50",930.828,14.32,0.516,0.909,0.7386,
158,exp(nni_tunning)_gdbls_on_cifar10,"07/26/2022, 03:24:52",1288.053,14.312,0.514,0.9191,0.736,
159,exp(nni_tunning)_gdbls_on_cifar10,"07/26/2022, 03:54:47",1131.28,14.32,0.517,0.9133,0.7315,
160,exp(nni_tunning)_gdbls_on_cifar10,"07/26/2022, 04:29:38",1317.327,14.319,0.519,0.9214,0.728,
161,exp(nni_tunning)_gdbls_on_cifar10,"07/26/2022, 04:55:54",988.064,14.32,0.517,0.901,0.7698,
162,exp(nni_tunning)_gdbls_on_cifar10,"07/26/2022, 05:22:11",988.786,14.33,0.519,0.9098,0.7548,
163,exp(nni_tunning)_gdbls_on_cifar10,"07/26/2022, 05:52:08",1131.246,14.32,0.516,0.9179,0.7195,
164,exp(nni_tunning)_gdbls_on_cifar10,"07/26/2022, 06:18:19",987.529,14.312,0.515,0.9069,0.7441,
165,exp(nni_tunning)_gdbls_on_cifar10,"07/26/2022, 06:36:46",687.908,14.331,0.514,0.9055,0.7545,
166,exp(nni_tunning)_gdbls_on_cifar10,"07/26/2022, 06:58:55",831.565,14.337,0.514,0.9038,0.7538,
167,exp(nni_tunning)_gdbls_on_cifar10,"07/26/2022, 07:23:19",916.973,14.328,0.514,0.9071,0.7518,
168,exp(nni_tunning)_gdbls_on_cifar10,"07/26/2022, 07:56:36",1261.322,14.333,0.514,0.9191,0.7189,
169,exp(nni_tunning)_gdbls_on_cifar10,"07/26/2022, 08:16:26",745.12,14.329,0.513,0.9021,0.7591,
170,exp(nni_tunning)_gdbls_on_cifar10,"07/26/2022, 08:41:58",960.495,14.336,0.514,0.8872,0.8568,
171,exp(nni_tunning)_gdbls_on_cifar10,"07/26/2022, 09:08:56",1017.369,14.329,0.515,0.907,0.7469,
172,exp(nni_tunning)_gdbls_on_cifar10,"07/26/2022, 09:34:49",973.836,14.321,0.516,0.9129,0.7296,
173,exp(nni_tunning)_gdbls_on_cifar10,"07/26/2022, 09:57:15",843.205,14.292,0.515,0.8911,0.8045,
174,exp(nni_tunning)_gdbls_on_cifar10,"07/26/2022, 10:23:03",973.485,14.316,0.516,0.9142,0.7331,
175,exp(nni_tunning)_gdbls_on_cifar10,"07/26/2022, 10:42:54",742.641,14.282,0.517,0.894,0.8361,
176,exp(nni_tunning)_gdbls_on_cifar10,"07/26/2022, 11:05:43",857.589,14.293,0.516,0.9101,0.7483,
177,exp(nni_tunning)_gdbls_on_cifar10,"07/26/2022, 11:36:30",1162.874,14.356,0.518,0.9182,0.725,
178,exp(nni_tunning)_gdbls_on_cifar10,"07/26/2022, 12:01:39",947.745,14.36,0.517,0.9134,0.7328,
179,exp(nni_tunning)_gdbls_on_cifar10,"07/26/2022, 12:31:16",1118.954,14.346,0.516,0.9128,0.7305,
180,exp(nni_tunning)_gdbls_on_cifar10,"07/26/2022, 12:57:57",1003.776,14.34,0.517,0.915,0.7505,
181,exp(nni_tunning)_gdbls_on_cifar10,"07/26/2022, 13:25:22",1032.472,14.34,0.516,0.9071,0.7491,
182,exp(nni_tunning)_gdbls_on_cifar10,"07/26/2022, 13:47:34",832.369,14.351,0.516,0.9039,0.7551,
183,exp(nni_tunning)_gdbls_on_cifar10,"07/26/2022, 14:10:51",874.782,14.341,0.517,0.9024,0.7764,
184,exp(nni_tunning)_gdbls_on_cifar10,"07/26/2022, 14:38:09",1030.508,14.313,0.516,0.9138,0.7329,
185,exp(nni_tunning)_gdbls_on_cifar10,"07/26/2022, 15:01:06",859.019,14.317,0.515,0.9084,0.7473,
186,exp(nni_tunning)_gdbls_on_cifar10,"07/26/2022, 15:31:53",1160.833,14.331,0.516,0.9169,0.7214,
187,exp(nni_tunning)_gdbls_on_cifar10,"07/26/2022, 15:54:13",837.576,14.441,0.517,0.909,0.744,
188,exp(nni_tunning)_gdbls_on_cifar10,"07/26/2022, 16:24:20",1135.822,14.377,0.515,0.9088,0.7319,
189,exp(nni_tunning)_gdbls_on_cifar10,"07/26/2022, 16:59:33",1334.123,14.345,0.513,0.9158,0.7196,
190,exp(nni_tunning)_gdbls_on_cifar10,"07/26/2022, 17:28:07",1076.341,14.351,0.514,0.9127,0.7285,
191,exp(nni_tunning)_gdbls_on_cifar10,"07/26/2022, 17:50:14",830.918,14.326,0.513,0.9095,0.7472,
192,exp(nni_tunning)_gdbls_on_cifar10,"07/26/2022, 18:25:48",1346.229,14.322,0.512,0.9,0.8229,
193,exp(TestPLVPooling)_gdbls_on_cifar10,"07/27/2022, 12:51:27",844.345,14.072,0.508,0.9084,0.7582,
194,exp(TestPLVPooling)_gdbls_on_cifar100,"07/27/2022, 13:16:27",931.764,13.702,0.903,0.6776,1.9563,
195,exp(TestPLVPooling)_gdbls_on_svhn,"07/27/2022, 13:53:23",1376.372,19.662,1.26,0.9617,0.6189,
196,exp(TestPLVPooling)_gdbls_on_cifar10,"07/27/2022, 14:24:48",1189.863,13.998,0.518,0.9113,0.7511,
197,exp(TestPLVPooling)_gdbls_on_cifar100,"07/27/2022, 14:53:44",1080.99,13.683,0.904,0.6807,1.9453,
198,exp(TestPLVPooling)_gdbls_on_svhn,"07/27/2022, 15:34:51",1534.322,19.671,1.26,0.9596,0.6259,
199,exp(TestPLVPooling)_gdbls_on_cifar10,"07/27/2022, 16:10:20",1346.1,14.022,0.519,0.9124,0.7509,
200,exp(TestPLVPooling)_gdbls_on_cifar100,"07/27/2022, 16:36:03",959.061,13.701,0.903,0.6782,1.9471,
201,exp(TestPLVPooling)_gdbls_on_svhn,"07/27/2022, 17:01:33",943.475,19.656,1.261,0.9614,0.626,
202,exp(TestPLVPooling)_gdbls_on_cifar10,"07/27/2022, 17:32:19",1164.336,14.028,0.518,0.9156,0.7451,
203,exp(TestPLVPooling)_gdbls_on_cifar100,"07/27/2022, 17:59:00",995.265,13.634,0.9,0.6898,1.9375,
204,exp(TestPLVPooling)_gdbls_on_svhn,"07/27/2022, 18:26:03",1002.423,19.655,1.261,0.9601,0.6274,
205,exp(TestPLVPooling)_gdbls_on_cifar10,"07/27/2022, 18:58:12",1217.929,13.999,0.519,0.9195,0.7366,
206,exp(TestPLVPooling)_gdbls_on_cifar100,"07/27/2022, 19:22:22",899.604,13.63,0.903,0.6806,1.9528,
207,exp(TestPLVPooling)_gdbls_on_svhn,"07/27/2022, 19:44:43",824.745,19.637,1.261,0.9592,0.6346,
208,exp(TestPLVPooling)_gdbls_on_cifar10,"07/27/2022, 20:11:47",1023.202,14.016,0.52,0.9115,0.7505,
209,exp(TestPLVPooling)_gdbls_on_cifar100,"07/27/2022, 20:42:07",1132.429,13.644,0.903,0.6835,1.9419,
210,exp(TestPLVPooling)_gdbls_on_svhn,"07/27/2022, 21:18:32",1356.622,19.661,1.261,0.9609,0.6283,
211,exp(TestPLVPooling)_gdbls_on_cifar10,"07/27/2022, 21:40:07",813.054,14.018,0.521,0.9065,0.7636,
212,exp(TestPLVPooling)_gdbls_on_cifar100,"07/27/2022, 22:09:43",1104.523,13.636,0.903,0.6727,1.967,
213,exp(TestPLVPooling)_gdbls_on_svhn,"07/27/2022, 22:40:24",1139.542,19.647,1.26,0.9608,0.6321,
214,exp(TestPLVPooling)_gdbls_on_cifar10,"07/27/2022, 23:00:32",757.63,14.03,0.521,0.9085,0.7698,
215,exp(TestPLVPooling)_gdbls_on_cifar100,"07/27/2022, 23:22:56",832.509,13.648,0.905,0.6791,1.9412,
216,exp(TestPLVPooling)_gdbls_on_svhn,"07/28/2022, 00:04:01",1532.855,19.652,1.263,0.9608,0.623,
217,exp(TestPLVPooling)_gdbls_on_cifar10,"07/28/2022, 00:27:26",883.246,14.02,0.521,0.9153,0.7408,
218,exp(TestPLVPooling)_gdbls_on_cifar100,"07/28/2022, 00:58:50",1173.055,13.64,0.904,0.6852,1.9272,
219,exp(TestPLVPooling)_gdbls_on_svhn,"07/28/2022, 01:40:00",1535.219,19.682,1.264,0.9639,0.6143,
220,exp(TestPLVPooling)_gdbls_on_cifar10,"07/28/2022, 02:13:19",1262.906,14.032,0.521,0.9146,0.7436,
221,exp(TestPLVPooling)_gdbls_on_cifar100,"07/28/2022, 02:37:11",888.742,13.673,0.906,0.68,1.96,
222,exp(TestPLVPooling)_gdbls_on_svhn,"07/28/2022, 03:02:41",943.48,19.656,1.262,0.9589,0.6367,
223,exp(Test_conv3block3_WithKernel5x5ForTheLast)_gdbls_on_cifar10,"07/28/2022, 13:16:52",1114.869,14.479,0.516,0.9204,0.7085,
224,exp(Test_conv3block3_WithKernel5x5ForTheLast)_gdbls_on_cifar100,"07/28/2022, 13:46:08",1096.612,13.881,0.913,0.6874,1.904,
225,exp(Test_conv3block3_WithKernel5x5ForTheLast)_gdbls_on_svhn,"07/28/2022, 14:23:23",1383.985,19.493,1.265,0.966,0.6079,
226,exp(Test_conv3block3_WithKernel5x5ForTheLast)_gdbls_on_cifar10,"07/28/2022, 14:52:38",1112.896,14.453,0.527,0.9239,0.7043,
227,exp(Test_conv3block3_WithKernel5x5ForTheLast)_gdbls_on_cifar100,"07/28/2022, 15:15:41",859.976,13.871,0.92,0.6825,1.9174,
228,exp(Test_conv3block3_WithKernel5x5ForTheLast)_gdbls_on_svhn,"07/28/2022, 15:52:24",1363.564,19.479,1.271,0.9651,0.6053,
229,exp(Test_conv3block3_WithKernel5x5ForTheLast)_gdbls_on_cifar10,"07/28/2022, 16:26:31",1299.923,14.444,0.527,0.924,0.7034,
230,exp(Test_conv3block3_WithKernel5x5ForTheLast)_gdbls_on_cifar100,"07/28/2022, 16:56:31",1123.596,13.872,0.92,0.6886,1.903,
231,exp(Test_conv3block3_WithKernel5x5ForTheLast)_gdbls_on_svhn,"07/28/2022, 17:20:17",875.747,19.461,1.258,0.9614,0.6225,
232,exp(Test_conv3block3_WithKernel3x3ForTheLast)_gdbls_on_cifar10,"07/28/2022, 20:14:00",889.594,14.121,0.502,0.9083,0.7401,
233,exp(Test_conv3block3_WithKernel3x3ForTheLast)_gdbls_on_cifar100,"07/28/2022, 20:40:36",990.164,13.564,0.896,0.6858,1.9238,
234,exp(Test_conv3block3_WithKernel3x3ForTheLast)_gdbls_on_svhn,"07/28/2022, 21:08:34",1031.01,19.093,1.24,0.9638,0.6082,
235,exp(Test_conv3block3_WithKernel3x3ForTheLast)_gdbls_on_cifar10,"07/28/2022, 21:35:22",1015.294,14.101,0.508,0.9192,0.7111,
236,exp(Test_conv3block3_WithKernel3x3ForTheLast)_gdbls_on_cifar100,"07/28/2022, 22:01:56",989.725,13.558,0.896,0.678,1.9158,
237,exp(Test_conv3block3_WithKernel3x3ForTheLast)_gdbls_on_svhn,"07/28/2022, 22:39:59",1408.95,19.04,1.252,0.9631,0.6095,
238,exp(Test_conv3block3_WithKernel3x3ForTheLast)_gdbls_on_cifar10,"07/28/2022, 23:10:54",1172.713,14.129,0.508,0.915,0.7188,
239,exp(Test_conv3block3_WithKernel3x3ForTheLast)_gdbls_on_cifar100,"07/28/2022, 23:39:22",1061.765,13.612,0.899,0.6809,1.9277,
240,exp(Test_conv3block3_WithKernel3x3ForTheLast)_gdbls_on_svhn,"07/29/2022, 00:28:49",1837.123,19.137,1.261,0.967,0.597,
241,exp(StructureTestOnModel_gdbls_conv2block3)_gdbls_conv2block3_on_cifar10,"07/29/2022, 01:26:06",1076.876,11.705,0.494,0.9163,0.7397,
242,exp(StructureTestOnModel_gdbls_conv2block3)_gdbls_conv3block2_on_cifar10,"07/29/2022, 01:40:55",586.712,10.667,0.376,0.9049,0.8167,
243,exp(StructureTestOnModel_gdbls_conv2block3)_gdbls_conv3block3_on_cifar10,"07/29/2022, 02:10:08",1112.644,14.45,0.517,0.9165,0.7221,
244,exp(StructureTestOnModel_gdbls_conv2block3)_gdbls_conv2block3_on_cifar100,"07/29/2022, 02:28:10",634.092,11.323,0.867,0.6611,2.0155,
245,exp(StructureTestOnModel_gdbls_conv2block3)_gdbls_conv3block2_on_cifar100,"07/29/2022, 02:41:40",525.837,10.311,0.621,0.6681,2.0276,
246,exp(StructureTestOnModel_gdbls_conv2block3)_gdbls_conv3block3_on_cifar100,"07/29/2022, 03:08:02",986.352,13.892,0.915,0.6864,1.8981,
247,exp(StructureTestOnModel_gdbls_conv2block3)_gdbls_conv2block3_on_svhn,"07/29/2022, 03:41:50",1184.263,15.79,1.187,0.9627,0.6269,
248,exp(StructureTestOnModel_gdbls_conv2block3)_gdbls_conv3block2_on_svhn,"07/29/2022, 03:56:01",545.778,14.363,0.833,0.9528,0.695,
249,exp(StructureTestOnModel_gdbls_conv2block3)_gdbls_conv3block3_on_svhn,"07/29/2022, 04:28:40",1210.153,19.519,1.274,0.9644,0.6056,
250,exp(StructureTestOnModel_gdbls_conv2block3)_gdbls_conv2block3_on_cifar10,"07/29/2022, 04:49:37",751.691,11.745,0.497,0.8961,0.796,
251,exp(StructureTestOnModel_gdbls_conv2block3)_gdbls_conv3block2_on_cifar10,"07/29/2022, 05:09:44",800.993,10.68,0.378,0.9108,0.8032,
252,exp(StructureTestOnModel_gdbls_conv2block3)_gdbls_conv3block3_on_cifar10,"07/29/2022, 05:42:20",1242.741,14.45,0.52,0.921,0.7112,
253,exp(StructureTestOnModel_gdbls_conv2block3)_gdbls_conv2block3_on_cifar100,"07/29/2022, 06:07:18",883.275,11.324,0.868,0.6566,2.0175,
254,exp(StructureTestOnModel_gdbls_conv2block3)_gdbls_conv3block2_on_cifar100,"07/29/2022, 06:24:10",659.962,10.312,0.621,0.6685,2.02,
255,exp(StructureTestOnModel_gdbls_conv2block3)_gdbls_conv3block3_on_cifar100,"07/29/2022, 06:48:41",916.319,13.884,0.914,0.6829,1.9057,
256,exp(StructureTestOnModel_gdbls_conv2block3)_gdbls_conv2block3_on_svhn,"07/29/2022, 07:14:58",916.561,15.803,1.193,0.96,0.6374,
257,exp(StructureTestOnModel_gdbls_conv2block3)_gdbls_conv3block2_on_svhn,"07/29/2022, 07:25:54",416.485,14.362,0.832,0.9495,0.7004,
258,exp(StructureTestOnModel_gdbls_conv2block3)_gdbls_conv3block3_on_svhn,"07/29/2022, 07:59:02",1228.703,19.503,1.272,0.9648,0.6048,
259,exp(StructureTestOnModel_gdbls_conv2block3)_gdbls_conv2block3_on_cifar10,"07/29/2022, 08:19:55",748.739,11.699,0.495,0.906,0.7734,
260,exp(StructureTestOnModel_gdbls_conv2block3)_gdbls_conv3block2_on_cifar10,"07/29/2022, 08:35:30",617.165,10.641,0.377,0.9017,0.8202,
261,exp(StructureTestOnModel_gdbls_conv2block3)_gdbls_conv3block3_on_cifar10,"07/29/2022, 09:06:36",1184.363,14.443,0.52,0.9208,0.7068,
262,exp(StructureTestOnModel_gdbls_conv2block3)_gdbls_conv2block3_on_cifar100,"07/29/2022, 09:31:33",881.706,11.304,0.868,0.6677,1.9828,
263,exp(StructureTestOnModel_gdbls_conv2block3)_gdbls_conv3block2_on_cifar100,"07/29/2022, 09:46:35",586.095,10.282,0.63,0.6672,2.0079,
264,exp(StructureTestOnModel_gdbls_conv2block3)_gdbls_conv3block3_on_cifar100,"07/29/2022, 10:19:11",1221.244,13.878,0.924,0.6879,1.8877,
265,exp(StructureTestOnModel_gdbls_conv2block3)_gdbls_conv2block3_on_svhn,"07/29/2022, 10:47:40",993.373,15.768,1.192,0.9591,0.6368,
266,exp(StructureTestOnModel_gdbls_conv2block3)_gdbls_conv3block2_on_svhn,"07/29/2022, 11:12:37",974.964,14.338,0.844,0.9541,0.6865,
267,exp(StructureTestOnModel_gdbls_conv2block3)_gdbls_conv3block3_on_svhn,"07/29/2022, 11:42:33",1107.378,19.428,1.268,0.9621,0.6157,
268,exp(StructureTestOnModel_gdbls_conv2block3)_gdbls_conv2block3_on_cifar10,"07/29/2022, 12:09:14",959.565,11.702,0.504,0.9099,0.7591,
269,exp(StructureTestOnModel_gdbls_conv2block3)_gdbls_conv3block2_on_cifar10,"07/29/2022, 12:26:24",680.69,10.636,0.385,0.9039,0.8231,
270,exp(StructureTestOnModel_gdbls_conv2block3)_gdbls_conv3block3_on_cifar10,"07/29/2022, 12:51:54",967.407,14.439,0.529,0.9226,0.7072,
271,exp(StructureTestOnModel_gdbls_conv2block3)_gdbls_conv2block3_on_cifar100,"07/29/2022, 13:12:23",721.387,11.272,0.875,0.6515,2.0382,
272,exp(StructureTestOnModel_gdbls_conv2block3)_gdbls_conv3block2_on_cifar100,"07/29/2022, 13:34:38",873.822,10.28,0.63,0.6713,2.0033,
273,exp(StructureTestOnModel_gdbls_conv2block3)_gdbls_conv3block3_on_cifar100,"07/29/2022, 14:04:19",1111.55,13.894,0.923,0.6834,1.9128,
274,exp(StructureTestOnModel_gdbls_conv2block3)_gdbls_conv2block3_on_svhn,"07/29/2022, 14:50:32",1624.007,15.767,1.206,0.9645,0.6211,
275,exp(StructureTestOnModel_gdbls_conv2block3)_gdbls_conv3block2_on_svhn,"07/29/2022, 15:05:45",587.137,14.32,0.833,0.9524,0.6927,
276,exp(StructureTestOnModel_gdbls_conv2block3)_gdbls_conv3block3_on_svhn,"07/29/2022, 15:45:34",1479.534,19.468,1.282,0.9647,0.6064,
277,exp(StructureTestOnModel_gdbls_conv2block3)_gdbls_conv2block3_on_cifar10,"07/29/2022, 16:09:04",843.158,11.711,0.506,0.9081,0.7557,
278,exp(StructureTestOnModel_gdbls_conv2block3)_gdbls_conv3block2_on_cifar10,"07/29/2022, 16:27:01",712.314,10.632,0.387,0.9156,0.7869,
279,exp(StructureTestOnModel_gdbls_conv2block3)_gdbls_conv3block3_on_cifar10,"07/29/2022, 16:53:12",994.51,14.413,0.527,0.9211,0.7136,
280,exp(StructureTestOnModel_gdbls_conv2block3)_gdbls_conv2block3_on_cifar100,"07/29/2022, 17:10:14",598.29,11.288,0.876,0.655,2.012,
281,exp(StructureTestOnModel_gdbls_conv2block3)_gdbls_conv3block2_on_cifar100,"07/29/2022, 17:29:23",750.654,10.283,0.631,0.6573,2.0391,
282,exp(StructureTestOnModel_gdbls_conv2block3)_gdbls_conv3block3_on_cifar100,"07/29/2022, 18:00:50",1177.819,13.857,0.921,0.6831,1.9052,
283,exp(StructureTestOnModel_gdbls_conv2block3)_gdbls_conv2block3_on_svhn,"07/29/2022, 18:36:50",1261.594,15.77,1.205,0.9618,0.6315,
284,exp(StructureTestOnModel_gdbls_conv2block3)_gdbls_conv3block2_on_svhn,"07/29/2022, 18:52:26",602.009,14.334,0.835,0.9549,0.6879,
285,exp(StructureTestOnModel_gdbls_conv2block3)_gdbls_conv3block3_on_svhn,"07/29/2022, 19:19:51",1013.364,19.488,1.271,0.9658,0.6073,
286,exp(StructureTestOnModel_gdbls_conv2block3)_gdbls_conv2block3_on_cifar10,"07/29/2022, 19:40:09",726.171,11.712,0.506,0.909,0.7606,
287,exp(StructureTestOnModel_gdbls_conv2block3)_gdbls_conv3block2_on_cifar10,"07/29/2022, 20:00:46",820.618,10.657,0.387,0.9118,0.7955,
288,exp(StructureTestOnModel_gdbls_conv2block3)_gdbls_conv3block3_on_cifar10,"07/29/2022, 20:30:21",1125.974,14.436,0.528,0.9276,0.691,
289,exp(StructureTestOnModel_gdbls_conv2block3)_gdbls_conv2block3_on_cifar100,"07/29/2022, 20:45:35",532.608,11.332,0.878,0.6566,2.002,
290,exp(StructureTestOnModel_gdbls_conv2block3)_gdbls_conv3block2_on_cifar100,"07/29/2022, 21:05:31",782.101,10.291,0.63,0.6636,2.0226,
291,exp(StructureTestOnModel_gdbls_conv2block3)_gdbls_conv3block3_on_cifar100,"07/29/2022, 21:27:06",803.846,13.859,0.922,0.6783,1.9142,
292,exp(StructureTestOnModel_gdbls_conv2block3)_gdbls_conv2block3_on_svhn,"07/29/2022, 22:03:36",1277.592,15.773,1.209,0.9596,0.6372,
293,exp(StructureTestOnModel_gdbls_conv2block3)_gdbls_conv3block2_on_svhn,"07/29/2022, 22:20:38",660.143,14.351,0.837,0.9557,0.682,
294,exp(StructureTestOnModel_gdbls_conv2block3)_gdbls_conv3block3_on_svhn,"07/29/2022, 22:50:10",1092.63,19.511,1.273,0.9621,0.6174,
295,exp(StructureTestOnModel_gdbls_conv2block3)_gdbls_conv2block3_on_cifar10,"07/29/2022, 23:16:35",949.256,11.719,0.507,0.9061,0.762,
296,exp(StructureTestOnModel_gdbls_conv2block3)_gdbls_conv3block2_on_cifar10,"07/29/2022, 23:33:47",681.976,10.656,0.387,0.907,0.8064,
297,exp(StructureTestOnModel_gdbls_conv2block3)_gdbls_conv3block3_on_cifar10,"07/30/2022, 00:08:45",1332.642,14.485,0.531,0.9238,0.7024,
298,exp(StructureTestOnModel_gdbls_conv2block3)_gdbls_conv2block3_on_cifar100,"07/30/2022, 00:26:08",609.933,11.295,0.876,0.6684,2.0018,
299,exp(StructureTestOnModel_gdbls_conv2block3)_gdbls_conv3block2_on_cifar100,"07/30/2022, 00:47:06",823.054,10.288,0.631,0.6696,1.9971,
300,exp(StructureTestOnModel_gdbls_conv2block3)_gdbls_conv3block3_on_cifar100,"07/30/2022, 01:10:34",875.328,13.894,0.924,0.6756,1.924,
301,exp(StructureTestOnModel_gdbls_conv2block3)_gdbls_conv2block3_on_svhn,"07/30/2022, 01:47:09",1280.92,15.814,1.212,0.9582,0.6416,
302,exp(StructureTestOnModel_gdbls_conv2block3)_gdbls_conv3block2_on_svhn,"07/30/2022, 02:09:58",889.903,14.353,0.843,0.9533,0.6918,
303,exp(StructureTestOnModel_gdbls_conv2block3)_gdbls_conv3block3_on_svhn,"07/30/2022, 02:39:29",1092.328,19.506,1.273,0.9626,0.6129,
304,exp(StructureTestOnModel_gdbls_conv2block3)_gdbls_conv2block3_on_cifar10,"07/30/2022, 03:07:10",996.172,11.72,0.505,0.9149,0.7462,
305,exp(StructureTestOnModel_gdbls_conv2block3)_gdbls_conv3block2_on_cifar10,"07/30/2022, 03:31:44",980.128,10.654,0.387,0.9151,0.7881,
306,exp(StructureTestOnModel_gdbls_conv2block3)_gdbls_conv3block3_on_cifar10,"07/30/2022, 04:01:02",1115.285,14.484,0.531,0.9178,0.719,
307,exp(StructureTestOnModel_gdbls_conv2block3)_gdbls_conv2block3_on_cifar100,"07/30/2022, 04:22:30",756.765,11.295,0.876,0.6685,1.9803,
308,exp(StructureTestOnModel_gdbls_conv2block3)_gdbls_conv3block2_on_cifar100,"07/30/2022, 04:34:13",453.367,10.304,0.631,0.6575,2.0557,
309,exp(StructureTestOnModel_gdbls_conv2block3)_gdbls_conv3block3_on_cifar100,"07/30/2022, 05:02:07",1043.5,13.913,0.926,0.678,1.93,
310,exp(StructureTestOnModel_gdbls_conv2block3)_gdbls_conv2block3_on_svhn,"07/30/2022, 05:39:00",1292.72,15.765,1.192,0.9621,0.631,
311,exp(StructureTestOnModel_gdbls_conv2block3)_gdbls_conv3block2_on_svhn,"07/30/2022, 06:02:55",934.457,14.376,0.845,0.9552,0.6774,
312,exp(StructureTestOnModel_gdbls_conv2block3)_gdbls_conv3block3_on_svhn,"07/30/2022, 06:39:15",1348.928,19.55,1.283,0.9638,0.6146,
313,exp(StructureTestOnModel_gdbls_conv2block3)_gdbls_conv2block3_on_cifar10,"07/30/2022, 07:05:03",927.309,11.738,0.506,0.9105,0.7566,
314,exp(StructureTestOnModel_gdbls_conv2block3)_gdbls_conv3block2_on_cifar10,"07/30/2022, 07:22:33",693.831,10.674,0.387,0.9098,0.7986,
315,exp(StructureTestOnModel_gdbls_conv2block3)_gdbls_conv3block3_on_cifar10,"07/30/2022, 07:47:43",955.962,14.484,0.531,0.9151,0.7248,
316,exp(StructureTestOnModel_gdbls_conv2block3)_gdbls_conv2block3_on_cifar100,"07/30/2022, 08:05:07",610.98,11.314,0.877,0.656,2.0194,
317,exp(StructureTestOnModel_gdbls_conv2block3)_gdbls_conv3block2_on_cifar100,"07/30/2022, 08:26:37",844.308,10.296,0.631,0.6752,1.9842,
318,exp(StructureTestOnModel_gdbls_conv2block3)_gdbls_conv3block3_on_cifar100,"07/30/2022, 08:50:24",887.885,13.873,0.924,0.6841,1.9045,
319,exp(StructureTestOnModel_gdbls_conv2block3)_gdbls_conv2block3_on_svhn,"07/30/2022, 09:12:42",773.786,15.792,1.191,0.9587,0.6399,
320,exp(StructureTestOnModel_gdbls_conv2block3)_gdbls_conv3block2_on_svhn,"07/30/2022, 09:30:49",703.426,14.356,0.836,0.9552,0.6865,
321,exp(StructureTestOnModel_gdbls_conv2block3)_gdbls_conv3block3_on_svhn,"07/30/2022, 10:00:51",1111.017,19.492,1.274,0.9644,0.6077,
322,exp(StructureTestOnModel_gdbls_conv2block3)_gdbls_conv2block3_on_cifar10,"07/30/2022, 10:31:11",1092.236,11.744,0.508,0.9171,0.7372,
323,exp(StructureTestOnModel_gdbls_conv2block3)_gdbls_conv3block2_on_cifar10,"07/30/2022, 10:41:01",383.427,10.651,0.386,0.8984,0.8266,
324,exp(StructureTestOnModel_gdbls_conv2block3)_gdbls_conv3block3_on_cifar10,"07/30/2022, 11:05:00",909.536,14.437,0.529,0.9204,0.7204,
325,exp(StructureTestOnModel_gdbls_conv2block3)_gdbls_conv2block3_on_cifar100,"07/30/2022, 11:27:08",780.853,11.317,0.878,0.6723,1.9699,
326,exp(StructureTestOnModel_gdbls_conv2block3)_gdbls_conv3block2_on_cifar100,"07/30/2022, 11:44:14",669.102,10.294,0.632,0.6691,2.0137,
327,exp(StructureTestOnModel_gdbls_conv2block3)_gdbls_conv3block3_on_cifar100,"07/30/2022, 12:06:56",846.223,13.873,0.924,0.6852,1.8978,
328,exp(StructureTestOnModel_gdbls_conv2block3)_gdbls_conv2block3_on_svhn,"07/30/2022, 12:35:27",994.749,15.79,1.202,0.9605,0.633,
329,exp(StructureTestOnModel_gdbls_conv2block3)_gdbls_conv3block2_on_svhn,"07/30/2022, 12:51:03",602.51,14.345,0.836,0.9534,0.6849,
330,exp(StructureTestOnModel_gdbls_conv2block3)_gdbls_conv3block3_on_svhn,"07/30/2022, 13:30:23",1460.523,19.474,1.283,0.964,0.6069,
331,exp(WithoutEnhancementBlockOnModel_gdbls_conv3block3_noEB)_gdbls_conv3block3_noEB_on_cifar10,"07/30/2022, 22:41:14",480.804,8.904,0.244,0.9127,0.7304,
332,exp(WithoutEnhancementBlockOnModel_gdbls_conv3block3_noEB)_gdbls_conv3block3_noEB_on_cifar100,"07/30/2022, 22:59:10",733.269,8.729,0.37,0.6559,2.0561,
333,exp(WithoutEnhancementBlockOnModel_gdbls_conv3block3_noEB)_gdbls_conv3block3_noEB_on_svhn,"07/30/2022, 23:19:52",829.269,11.847,0.486,0.9657,0.603,
334,exp(WithoutEnhancementBlockOnModel_gdbls_conv3block3_noEB)_gdbls_conv3block3_noEB_on_cifar10,"07/30/2022, 23:31:38",479.496,8.88,0.231,0.9145,0.7186,
335,exp(WithoutEnhancementBlockOnModel_gdbls_conv3block3_noEB)_gdbls_conv3block3_noEB_on_cifar100,"07/30/2022, 23:45:40",571.963,8.666,0.358,0.6502,2.0544,
336,exp(WithoutEnhancementBlockOnModel_gdbls_conv3block3_noEB)_gdbls_conv3block3_noEB_on_svhn,"07/31/2022, 00:09:58",972.39,11.858,0.492,0.9639,0.6064,
337,exp(WithoutEnhancementBlockOnModel_gdbls_conv3block3_noEB)_gdbls_conv3block3_noEB_on_cifar10,"07/31/2022, 00:25:27",631.707,8.897,0.233,0.9224,0.7059,
338,exp(WithoutEnhancementBlockOnModel_gdbls_conv3block3_noEB)_gdbls_conv3block3_noEB_on_cifar100,"07/31/2022, 00:40:44",624.576,8.675,0.362,0.6447,2.0755,
339,exp(WithoutEnhancementBlockOnModel_gdbls_conv3block3_noEB)_gdbls_conv3block3_noEB_on_svhn,"07/31/2022, 01:02:59",890.562,11.874,0.487,0.9655,0.5992,
340,exp(WithoutEnhancementBlockOnModel_gdbls_conv3block3_noEB)_gdbls_conv3block3_noEB_on_cifar10,"07/31/2022, 01:14:37",471.818,8.902,0.235,0.9168,0.7169,
341,exp(WithoutEnhancementBlockOnModel_gdbls_conv3block3_noEB)_gdbls_conv3block3_noEB_on_cifar100,"07/31/2022, 01:26:25",478.269,8.696,0.363,0.6414,2.0768,
342,exp(WithoutEnhancementBlockOnModel_gdbls_conv3block3_noEB)_gdbls_conv3block3_noEB_on_svhn,"07/31/2022, 01:43:08",664.176,11.86,0.478,0.964,0.6044,
343,exp(WithoutEnhancementBlockOnModel_gdbls_conv3block3_noEB)_gdbls_conv3block3_noEB_on_cifar10,"07/31/2022, 02:01:59",774.741,8.905,0.234,0.9189,0.7159,
344,exp(WithoutEnhancementBlockOnModel_gdbls_conv3block3_noEB)_gdbls_conv3block3_noEB_on_cifar100,"07/31/2022, 02:15:27",547.554,8.691,0.364,0.642,2.0789,
345,exp(WithoutEnhancementBlockOnModel_gdbls_conv3block3_noEB)_gdbls_conv3block3_noEB_on_svhn,"07/31/2022, 02:29:32",557.374,11.859,0.475,0.9611,0.6175,
346,exp(WithoutEnhancementBlockOnModel_gdbls_conv3block3_noEB)_gdbls_conv3block3_noEB_on_cifar10,"07/31/2022, 02:44:29",614.689,8.909,0.235,0.9212,0.7121,
347,exp(WithoutEnhancementBlockOnModel_gdbls_conv3block3_noEB)_gdbls_conv3block3_noEB_on_cifar100,"07/31/2022, 02:55:49",460.46,8.688,0.363,0.6425,2.0584,
348,exp(WithoutEnhancementBlockOnModel_gdbls_conv3block3_noEB)_gdbls_conv3block3_noEB_on_svhn,"07/31/2022, 03:15:09",771.085,11.863,0.487,0.9636,0.6114,
349,exp(WithoutEnhancementBlockOnModel_gdbls_conv3block3_noEB)_gdbls_conv3block3_noEB_on_cifar10,"07/31/2022, 03:33:36",757.8,8.915,0.235,0.9266,0.7002,
350,exp(WithoutEnhancementBlockOnModel_gdbls_conv3block3_noEB)_gdbls_conv3block3_noEB_on_cifar100,"07/31/2022, 03:46:05",504.514,8.699,0.364,0.6414,2.0843,
351,exp(WithoutEnhancementBlockOnModel_gdbls_conv3block3_noEB)_gdbls_conv3block3_noEB_on_svhn,"07/31/2022, 04:08:17",890.569,11.874,0.495,0.965,0.6033,
352,exp(WithoutEnhancementBlockOnModel_gdbls_conv3block3_noEB)_gdbls_conv3block3_noEB_on_cifar10,"07/31/2022, 04:26:32",748.772,8.914,0.235,0.9201,0.7122,
353,exp(WithoutEnhancementBlockOnModel_gdbls_conv3block3_noEB)_gdbls_conv3block3_noEB_on_cifar100,"07/31/2022, 04:40:37",574.165,8.699,0.365,0.6444,2.0774,
354,exp(WithoutEnhancementBlockOnModel_gdbls_conv3block3_noEB)_gdbls_conv3block3_noEB_on_svhn,"07/31/2022, 05:07:21",1068.878,11.876,0.498,0.9665,0.6022,
355,exp(WithoutEnhancementBlockOnModel_gdbls_conv3block3_noEB)_gdbls_conv3block3_noEB_on_cifar10,"07/31/2022, 05:21:15",569.902,8.905,0.235,0.914,0.7306,
356,exp(WithoutEnhancementBlockOnModel_gdbls_conv3block3_noEB)_gdbls_conv3block3_noEB_on_cifar100,"07/31/2022, 05:36:23",617.598,8.699,0.364,0.6466,2.0745,
357,exp(WithoutEnhancementBlockOnModel_gdbls_conv3block3_noEB)_gdbls_conv3block3_noEB_on_svhn,"07/31/2022, 06:00:41",973.938,11.877,0.497,0.9643,0.6056,
358,exp(WithoutEnhancementBlockOnModel_gdbls_conv3block3_noEB)_gdbls_conv3block3_noEB_on_cifar10,"07/31/2022, 06:15:01",587.817,8.906,0.238,0.9157,0.7208,
359,exp(WithoutEnhancementBlockOnModel_gdbls_conv3block3_noEB)_gdbls_conv3block3_noEB_on_cifar100,"07/31/2022, 06:30:52",643.967,8.702,0.366,0.6482,2.0664,
360,exp(WithoutEnhancementBlockOnModel_gdbls_conv3block3_noEB)_gdbls_conv3block3_noEB_on_svhn,"07/31/2022, 06:51:18",818.829,11.867,0.488,0.9663,0.5991,
361,exp(WithoutDropout_gdbls_conv3block3)_gdbls_conv3block3_on_cifar10,"07/31/2022, 10:00:35",1013.183,14.474,0.509,0.9232,0.7043,
362,exp(WithoutDropout_gdbls_conv3block3)_gdbls_conv3block3_on_cifar100,"07/31/2022, 10:31:36",1163.902,13.856,0.883,0.6789,1.9364,
363,exp(WithoutDropout_gdbls_conv3block3)_gdbls_conv3block3_on_svhn,"07/31/2022, 11:12:23",1517.236,19.452,1.256,0.9647,0.607,
364,exp(WithoutDropout_gdbls_conv3block3)_gdbls_conv3block3_on_cifar10,"07/31/2022, 11:45:34",1266.905,14.397,0.49,0.9189,0.713,
365,exp(WithoutDropout_gdbls_conv3block3)_gdbls_conv3block3_on_cifar100,"07/31/2022, 12:11:03",953.65,13.821,0.885,0.6779,1.9525,
366,exp(WithoutDropout_gdbls_conv3block3)_gdbls_conv3block3_on_svhn,"07/31/2022, 12:38:21",1008.951,19.403,1.243,0.9592,0.6266,
367,exp(WithoutDropout_gdbls_conv3block3)_gdbls_conv3block3_on_cifar10,"07/31/2022, 13:07:02",1092.715,14.378,0.494,0.9243,0.7032,
368,exp(WithoutDropout_gdbls_conv3block3)_gdbls_conv3block3_on_cifar100,"07/31/2022, 13:33:14",980.718,13.813,0.887,0.6765,1.9639,
369,exp(WithoutDropout_gdbls_conv3block3)_gdbls_conv3block3_on_svhn,"07/31/2022, 14:13:58",1513.998,19.41,1.258,0.9643,0.609,
370,exp(WithoutDropout_gdbls_conv3block3)_gdbls_conv3block3_on_cifar10,"07/31/2022, 14:47:06",1264.704,14.372,0.494,0.924,0.7,
371,exp(WithoutDropout_gdbls_conv3block3)_gdbls_conv3block3_on_cifar100,"07/31/2022, 15:17:38",1145.037,13.796,0.886,0.687,1.9149,
372,exp(WithoutDropout_gdbls_conv3block3)_gdbls_conv3block3_on_svhn,"07/31/2022, 15:48:32",1145.109,19.409,1.253,0.9665,0.6043,
373,exp(WithoutDropout_gdbls_conv3block3)_gdbls_conv3block3_on_cifar10,"07/31/2022, 16:18:41",1148.78,14.36,0.494,0.9221,0.7103,
374,exp(WithoutDropout_gdbls_conv3block3)_gdbls_conv3block3_on_cifar100,"07/31/2022, 16:44:51",979.608,13.797,0.888,0.6818,1.946,
375,exp(WithoutDropout_gdbls_conv3block3)_gdbls_conv3block3_on_svhn,"07/31/2022, 17:15:11",1123.374,19.369,1.25,0.9625,0.6145,
376,exp(WithoutDropout_gdbls_conv3block3)_gdbls_conv3block3_on_cifar10,"07/31/2022, 17:46:03",1176.597,14.349,0.494,0.9165,0.7308,
377,exp(WithoutDropout_gdbls_conv3block3)_gdbls_conv3block3_on_cifar100,"07/31/2022, 18:16:33",1143.7,13.78,0.887,0.6891,1.9084,
378,exp(WithoutDropout_gdbls_conv3block3)_gdbls_conv3block3_on_svhn,"07/31/2022, 19:06:56",1877.82,19.359,1.252,0.9658,0.6052,
379,exp(WithoutDropout_gdbls_conv3block3)_gdbls_conv3block3_on_cifar10,"07/31/2022, 19:34:48",1061.692,14.347,0.493,0.9174,0.7158,
380,exp(WithoutDropout_gdbls_conv3block3)_gdbls_conv3block3_on_cifar100,"07/31/2022, 19:58:46",895.915,13.783,0.888,0.6683,1.9767,
381,exp(WithoutDropout_gdbls_conv3block3)_gdbls_conv3block3_on_svhn,"07/31/2022, 20:40:28",1550.719,19.384,1.258,0.967,0.6009,
382,exp(WithoutDropout_gdbls_conv3block3)_gdbls_conv3block3_on_cifar10,"07/31/2022, 21:06:30",990.834,14.36,0.495,0.9209,0.7097,
383,exp(WithoutDropout_gdbls_conv3block3)_gdbls_conv3block3_on_cifar100,"07/31/2022, 21:35:35",1089.669,13.793,0.889,0.6828,1.9227,
384,exp(WithoutDropout_gdbls_conv3block3)_gdbls_conv3block3_on_svhn,"07/31/2022, 22:06:31",1145.801,19.42,1.252,0.9639,0.612,
385,exp(WithoutDropout_gdbls_conv3block3)_gdbls_conv3block3_on_cifar10,"07/31/2022, 22:31:09",936.19,14.403,0.497,0.9169,0.7249,
386,exp(WithoutDropout_gdbls_conv3block3)_gdbls_conv3block3_on_cifar100,"07/31/2022, 22:59:13",1051.353,13.834,0.891,0.675,1.9658,
387,exp(WithoutDropout_gdbls_conv3block3)_gdbls_conv3block3_on_svhn,"07/31/2022, 23:46:11",1750.158,19.446,1.26,0.9648,0.6049,
388,exp(WithoutDropout_gdbls_conv3block3)_gdbls_conv3block3_on_cifar10,"08/01/2022, 00:23:52",1439.798,14.398,0.496,0.927,0.6929,
389,exp(WithoutDropout_gdbls_conv3block3)_gdbls_conv3block3_on_cifar100,"08/01/2022, 00:56:19",1217.488,13.835,0.891,0.6869,1.9216,
390,exp(WithoutDropout_gdbls_conv3block3)_gdbls_conv3block3_on_svhn,"08/01/2022, 01:48:03",1929.958,19.495,1.27,0.9663,0.6011,
391,exp(TestConvLayers_gdbls_conv1block3)_gdbls_conv1block3_on_cifar10,"08/01/2022, 11:18:05",649.913,9.558,0.462,0.8641,0.8767,
392,exp(TestConvLayers_gdbls_conv2block3)_gdbls_conv2block3_on_cifar10,"08/01/2022, 11:49:12",1122.322,11.691,0.494,0.9125,0.7531,
393,exp(TestConvLayers_gdbls_conv3block3)_gdbls_conv3block3_on_cifar10,"08/01/2022, 12:24:21",1341.85,14.428,0.519,0.9253,0.6987,
394,exp(TestConvLayers_gdbls_conv4block3)_gdbls_conv4block3_on_cifar10,"08/01/2022, 13:03:17",1548.832,17.209,0.542,0.9278,0.6822,
395,exp(TestConvLayers_gdbls_conv5block3)_gdbls_conv5block3_on_cifar10,"08/01/2022, 13:38:52",1457.55,19.966,0.547,0.9223,0.6914,
396,exp(TestConvLayers_gdbls_conv6block3)_gdbls_conv6block3_on_cifar10,"08/01/2022, 14:15:38",1542.414,22.683,0.565,0.91,0.7121,
397,exp(TestConvLayers_gdbls_conv1block3)_gdbls_conv1block3_on_cifar100,"08/01/2022, 14:32:49",573.341,9.247,0.79,0.5948,2.2082,
398,exp(TestConvLayers_gdbls_conv2block3)_gdbls_conv2block3_on_cifar100,"08/01/2022, 14:58:53",923.313,11.26,0.844,0.6582,2.0128,
399,exp(TestConvLayers_gdbls_conv3block3)_gdbls_conv3block3_on_cifar100,"08/01/2022, 15:27:18",1065.455,13.837,0.89,0.6826,1.9051,
400,exp(TestConvLayers_gdbls_conv4block3)_gdbls_conv4block3_on_cifar100,"08/01/2022, 15:56:02",1122.49,16.507,0.939,0.67,1.9203,
401,exp(TestConvLayers_gdbls_conv5block3)_gdbls_conv5block3_on_cifar100,"08/01/2022, 16:33:59",1530.691,19.134,0.988,0.6901,1.8922,
402,exp(TestConvLayers_gdbls_conv6block3)_gdbls_conv6block3_on_cifar100,"08/01/2022, 17:12:50",1606.669,21.712,1.035,0.674,1.9497,
403,exp(TestConvLayers_gdbls_conv1block3)_gdbls_conv1block3_on_svhn,"08/01/2022, 17:34:06",696.717,12.902,1.118,0.9379,0.7301,
404,exp(TestConvLayers_gdbls_conv2block3)_gdbls_conv2block3_on_svhn,"08/01/2022, 18:15:45",1462.879,15.73,1.188,0.9623,0.6265,
405,exp(TestConvLayers_gdbls_conv3block3)_gdbls_conv3block3_on_svhn,"08/01/2022, 18:46:51",1151.329,19.514,1.275,0.9641,0.6083,
406,exp(TestConvLayers_gdbls_conv4block3)_gdbls_conv4block3_on_svhn,"08/01/2022, 19:32:15",1763.437,23.203,1.333,0.9663,0.594,
407,exp(TestConvLayers_gdbls_conv5block3)_gdbls_conv5block3_on_svhn,"08/01/2022, 20:15:15",1722.261,26.91,1.4,0.9631,0.5985,
408,exp(TestConvLayers_gdbls_conv6block3)_gdbls_conv6block3_on_svhn,"08/01/2022, 20:51:09",1470.274,30.631,1.446,0.9611,0.6041,
409,exp(TestConvLayers_gdbls_conv1block3)_gdbls_conv1block3_on_cifar10,"08/01/2022, 21:07:31",554.679,9.563,0.451,0.8531,0.8995,
410,exp(TestConvLayers_gdbls_conv2block3)_gdbls_conv2block3_on_cifar10,"08/01/2022, 21:27:25",713.306,11.694,0.477,0.8982,0.786,
411,exp(TestConvLayers_gdbls_conv3block3)_gdbls_conv3block3_on_cifar10,"08/01/2022, 21:52:49",966.681,14.428,0.499,0.9222,0.7061,
412,exp(TestConvLayers_gdbls_conv4block3)_gdbls_conv4block3_on_cifar10,"08/01/2022, 22:32:34",1583.123,17.208,0.522,0.9284,0.6763,
413,exp(TestConvLayers_gdbls_conv5block3)_gdbls_conv5block3_on_cifar10,"08/01/2022, 23:11:02",1576.975,19.962,0.545,0.9143,0.7086,
414,exp(TestConvLayers_gdbls_conv6block3)_gdbls_conv6block3_on_cifar10,"08/01/2022, 23:51:11",1686.087,22.785,0.57,0.9294,0.6715,
415,exp(TestConvLayers_gdbls_conv1block3)_gdbls_conv1block3_on_cifar100,"08/02/2022, 00:05:39",480.697,9.244,0.794,0.59,2.2444,
416,exp(TestConvLayers_gdbls_conv2block3)_gdbls_conv2block3_on_cifar100,"08/02/2022, 00:27:08",759.474,11.335,0.85,0.6704,1.9678,
417,exp(TestConvLayers_gdbls_conv3block3)_gdbls_conv3block3_on_cifar100,"08/02/2022, 00:54:34",1027.625,13.887,0.896,0.6892,1.8848,
418,exp(TestConvLayers_gdbls_conv4block3)_gdbls_conv4block3_on_cifar100,"08/02/2022, 01:36:39",1650.85,16.509,0.943,0.6837,1.8917,
419,exp(TestConvLayers_gdbls_conv5block3)_gdbls_conv5block3_on_cifar100,"08/02/2022, 02:17:26",1647.344,19.155,0.994,0.6933,1.8783,
420,exp(TestConvLayers_gdbls_conv6block3)_gdbls_conv6block3_on_cifar100,"08/02/2022, 03:03:46",1918.343,21.799,1.043,0.6853,1.9351,
421,exp(TestConvLayers_gdbls_conv1block3)_gdbls_conv1block3_on_svhn,"08/02/2022, 03:28:13",803.594,12.961,1.124,0.9375,0.7249,
422,exp(TestConvLayers_gdbls_conv2block3)_gdbls_conv2block3_on_svhn,"08/02/2022, 04:07:51",1390.954,15.806,1.2,0.962,0.6317,
423,exp(TestConvLayers_gdbls_conv3block3)_gdbls_conv3block3_on_svhn,"08/02/2022, 04:46:13",1426.075,19.535,1.273,0.9647,0.6072,
424,exp(TestConvLayers_gdbls_conv4block3)_gdbls_conv4block3_on_svhn,"08/02/2022, 05:30:35",1722.884,23.282,1.339,0.9668,0.5913,
425,exp(TestConvLayers_gdbls_conv5block3)_gdbls_conv5block3_on_svhn,"08/02/2022, 06:14:23",1754.685,26.995,1.411,0.9655,0.5943,
426,exp(TestConvLayers_gdbls_conv6block3)_gdbls_conv6block3_on_svhn,"08/02/2022, 07:02:52",1993.402,30.668,1.456,0.9611,0.6031,
427,exp(TestConvLayers_gdbls_conv1block3)_gdbls_conv1block3_on_cifar10,"08/02/2022, 07:26:27",803.797,9.569,0.456,0.8696,0.8628,
428,exp(TestConvLayers_gdbls_conv2block3)_gdbls_conv2block3_on_cifar10,"08/02/2022, 07:50:13",854.616,11.707,0.479,0.9096,0.7588,
429,exp(TestConvLayers_gdbls_conv3block3)_gdbls_conv3block3_on_cifar10,"08/02/2022, 08:26:05",1370.177,14.423,0.504,0.9226,0.7096,
430,exp(TestConvLayers_gdbls_conv4block3)_gdbls_conv4block3_on_cifar10,"08/02/2022, 08:56:00",1187.45,17.209,0.526,0.9146,0.7096,
431,exp(TestConvLayers_gdbls_conv5block3)_gdbls_conv5block3_on_cifar10,"08/02/2022, 09:31:07",1438.073,19.973,0.549,0.9219,0.6879,
432,exp(TestConvLayers_gdbls_conv6block3)_gdbls_conv6block3_on_cifar10,"08/02/2022, 10:12:17",1728.107,22.738,0.574,0.925,0.6833,
433,exp(TestConvLayers_gdbls_conv1block3)_gdbls_conv1block3_on_cifar100,"08/02/2022, 10:28:55",554.263,9.238,0.798,0.5839,2.2543,
434,exp(TestConvLayers_gdbls_conv2block3)_gdbls_conv2block3_on_cifar100,"08/02/2022, 10:46:52",631.283,11.273,0.851,0.6678,1.9907,
435,exp(TestConvLayers_gdbls_conv3block3)_gdbls_conv3block3_on_cifar100,"08/02/2022, 11:10:13",872.525,13.85,0.897,0.665,1.9426,
436,exp(TestConvLayers_gdbls_conv4block3)_gdbls_conv4block3_on_cifar100,"08/02/2022, 11:41:54",1236.84,16.491,0.957,0.6878,1.8776,
437,exp(TestConvLayers_gdbls_conv5block3)_gdbls_conv5block3_on_cifar100,"08/02/2022, 12:16:05",1376.425,19.117,1.02,0.6897,1.8797,
438,exp(TestConvLayers_gdbls_conv6block3)_gdbls_conv6block3_on_cifar100,"08/02/2022, 12:43:04",1109.634,21.758,1.067,0.6676,1.9699,
439,exp(TestConvLayers_gdbls_conv1block3)_gdbls_conv1block3_on_svhn,"08/02/2022, 13:03:34",670.909,12.902,1.126,0.9351,0.7349,
440,exp(TestConvLayers_gdbls_conv2block3)_gdbls_conv2block3_on_svhn,"08/02/2022, 13:35:12",1105.493,15.793,1.211,0.959,0.6418,
441,exp(TestConvLayers_gdbls_conv3block3)_gdbls_conv3block3_on_svhn,"08/02/2022, 14:06:45",1167.809,19.463,1.285,0.965,0.6074,
442,exp(TestConvLayers_gdbls_conv4block3)_gdbls_conv4block3_on_svhn,"08/02/2022, 14:43:16",1413.9,23.179,1.351,0.9643,0.5995,
443,exp(TestConvLayers_gdbls_conv5block3)_gdbls_conv5block3_on_svhn,"08/02/2022, 15:18:27",1403.499,26.99,1.427,0.9648,0.5957,
444,exp(TestConvLayers_gdbls_conv6block3)_gdbls_conv6block3_on_svhn,"08/02/2022, 16:09:07",2084.1,30.649,1.472,0.9665,0.5894,
445,exp(TestFBs_gdbls_conv3block1)_gdbls_conv3block1_on_cifar10,"08/02/2022, 20:52:24",339.865,6.179,0.215,0.8603,0.9361,
446,exp(TestFBs_gdbls_conv3block2)_gdbls_conv3block2_on_cifar10,"08/02/2022, 21:09:33",683.256,10.676,0.355,0.8984,0.8233,
447,exp(TestFBs_gdbls_conv3block3)_gdbls_conv3block3_on_cifar10,"08/02/2022, 21:39:04",1126.868,14.447,0.498,0.9233,0.7073,
448,exp(TestFBs_gdbls_conv3block4)_gdbls_conv3block4_on_cifar10,"08/02/2022, 22:12:55",1279.218,17.056,0.569,0.9191,0.6947,
449,exp(TestFBs_gdbls_conv3block1)_gdbls_conv3block1_on_cifar100,"08/02/2022, 22:23:24",377.049,5.985,0.294,0.5903,2.3156,
450,exp(TestFBs_gdbls_conv3block2)_gdbls_conv3block2_on_cifar100,"08/02/2022, 22:38:36",595.802,10.272,0.584,0.6754,2.0151,
451,exp(TestFBs_gdbls_conv3block3)_gdbls_conv3block3_on_cifar100,"08/02/2022, 23:04:05",955.199,13.843,0.876,0.6845,1.9093,
452,exp(TestFBs_gdbls_conv3block4)_gdbls_conv3block4_on_cifar100,"08/02/2022, 23:40:04",1338.26,16.32,1.048,0.6883,1.9137,
453,exp(TestFBs_gdbls_conv3block1)_gdbls_conv3block1_on_svhn,"08/02/2022, 23:53:31",467.793,8.065,0.397,0.911,0.8152,
454,exp(TestFBs_gdbls_conv3block2)_gdbls_conv3block2_on_svhn,"08/03/2022, 00:09:07",602.926,14.355,0.836,0.9484,0.7137,
455,exp(TestFBs_gdbls_conv3block3)_gdbls_conv3block3_on_svhn,"08/03/2022, 00:41:07",1187.425,19.466,1.253,0.9614,0.6172,
456,exp(TestFBs_gdbls_conv3block4)_gdbls_conv3block4_on_svhn,"08/03/2022, 01:26:39",1677.991,22.986,1.49,0.9649,0.5919,
457,exp(TestFBs_gdbls_conv3block1)_gdbls_conv3block1_on_cifar10,"08/03/2022, 01:36:12",339.132,6.166,0.206,0.8508,0.9468,
458,exp(TestFBs_gdbls_conv3block2)_gdbls_conv3block2_on_cifar10,"08/03/2022, 01:52:01",629.113,10.663,0.342,0.9038,0.806,
459,exp(TestFBs_gdbls_conv3block3)_gdbls_conv3block3_on_cifar10,"08/03/2022, 02:24:51",1255.516,14.431,0.483,0.9225,0.7058,
460,exp(TestFBs_gdbls_conv3block4)_gdbls_conv3block4_on_cifar10,"08/03/2022, 03:02:13",1414.823,17.046,0.567,0.9195,0.6922,
461,exp(TestFBs_gdbls_conv3block1)_gdbls_conv3block1_on_cifar100,"08/03/2022, 03:10:30",294.643,6.013,0.3,0.5924,2.3086,
462,exp(TestFBs_gdbls_conv3block2)_gdbls_conv3block2_on_cifar100,"08/03/2022, 03:30:06",772.002,10.293,0.587,0.6635,2.0244,
463,exp(TestFBs_gdbls_conv3block3)_gdbls_conv3block3_on_cifar100,"08/03/2022, 03:56:44",999.331,13.88,0.88,0.6862,1.9039,
464,exp(TestFBs_gdbls_conv3block4)_gdbls_conv3block4_on_cifar100,"08/03/2022, 04:26:43",1112.573,16.361,1.052,0.6859,1.897,
465,exp(TestFBs_gdbls_conv3block1)_gdbls_conv3block1_on_svhn,"08/03/2022, 04:39:50",453.489,8.098,0.401,0.909,0.8172,
466,exp(TestFBs_gdbls_conv3block2)_gdbls_conv3block2_on_svhn,"08/03/2022, 04:56:08",631.971,14.363,0.804,0.9523,0.6944,
467,exp(TestFBs_gdbls_conv3block3)_gdbls_conv3block3_on_svhn,"08/03/2022, 05:35:26",1463.013,19.507,1.252,0.9665,0.6053,
468,exp(TestFBs_gdbls_conv3block4)_gdbls_conv3block4_on_svhn,"08/03/2022, 06:21:37",1702.371,23.005,1.497,0.9626,0.5985,
469,exp(TestFBs_gdbls_conv3block1)_gdbls_conv3block1_on_cifar10,"08/03/2022, 06:32:09",376.934,6.179,0.214,0.8637,0.928,
470,exp(TestFBs_gdbls_conv3block2)_gdbls_conv3block2_on_cifar10,"08/03/2022, 06:51:41",778.829,10.669,0.349,0.9135,0.7917,
471,exp(TestFBs_gdbls_conv3block3)_gdbls_conv3block3_on_cifar10,"08/03/2022, 07:24:59",1272.219,14.457,0.494,0.9251,0.6995,
472,exp(TestFBs_gdbls_conv3block4)_gdbls_conv3block4_on_cifar10,"08/03/2022, 07:57:56",1245.39,17.06,0.576,0.9175,0.7,
473,exp(TestFBs_gdbls_conv3block1)_gdbls_conv3block1_on_cifar100,"08/03/2022, 08:06:24",301.248,6.025,0.308,0.586,2.3224,
474,exp(TestFBs_gdbls_conv3block2)_gdbls_conv3block2_on_cifar100,"08/03/2022, 08:22:09",616.953,10.283,0.595,0.666,2.0172,
475,exp(TestFBs_gdbls_conv3block3)_gdbls_conv3block3_on_cifar100,"08/03/2022, 08:50:16",1054.529,13.875,0.889,0.6858,1.8938,
476,exp(TestFBs_gdbls_conv3block4)_gdbls_conv3block4_on_cifar100,"08/03/2022, 09:25:34",1310.92,16.386,1.068,0.6806,1.9274,
477,exp(TestFBs_gdbls_conv3block1)_gdbls_conv3block1_on_svhn,"08/03/2022, 09:39:02",468.72,8.081,0.407,0.9121,0.8122,
478,exp(TestFBs_gdbls_conv3block2)_gdbls_conv3block2_on_svhn,"08/03/2022, 09:58:57",774.38,14.34,0.854,0.9556,0.6821,
479,exp(TestFBs_gdbls_conv3block3)_gdbls_conv3block3_on_svhn,"08/03/2022, 10:41:51",1596.77,19.473,1.269,0.9645,0.6043,
480,exp(TestFBs_gdbls_conv3block4)_gdbls_conv3block4_on_svhn,"08/03/2022, 11:35:17",1971.517,22.925,1.508,0.9669,0.5887,
481,exp(TestKaiMingUniformInit_gdbls_conv3block3)_gdbls_conv3block3_on_cifar10,"08/03/2022, 18:06:46",1241.715,14.439,0.502,0.9085,0.7405,
482,exp(TestKaiMingUniformInit_gdbls_conv3block3)_gdbls_conv3block3_on_cifar100,"08/03/2022, 18:38:09",1177.884,13.857,0.901,0.671,1.9508,
483,exp(TestKaiMingUniformInit_gdbls_conv3block3)_gdbls_conv3block3_on_svhn,"08/03/2022, 19:12:46",1285.086,19.471,1.266,0.9536,0.6395,
484,exp(TestKaiMingUniformInit_gdbls_conv3block3)_gdbls_conv3block3_on_cifar10,"08/03/2022, 19:44:54",1226.575,14.43,0.508,0.9139,0.7311,
485,exp(TestKaiMingUniformInit_gdbls_conv3block3)_gdbls_conv3block3_on_cifar100,"08/03/2022, 20:19:13",1289.154,13.862,0.903,0.6593,1.9739,
486,exp(TestKaiMingUniformInit_gdbls_conv3block3)_gdbls_conv3block3_on_svhn,"08/03/2022, 20:59:28",1498.281,19.458,1.263,0.9601,0.6193,
487,exp(TestKaiMingUniformInit_gdbls_conv3block3)_gdbls_conv3block3_on_cifar10,"08/03/2022, 21:21:54",851.376,14.43,0.509,0.9095,0.74,
488,exp(TestKaiMingUniformInit_gdbls_conv3block3)_gdbls_conv3block3_on_cifar100,"08/03/2022, 21:54:45",1233.778,13.863,0.902,0.6734,1.9481,
489,exp(TestKaiMingUniformInit_gdbls_conv3block3)_gdbls_conv3block3_on_svhn,"08/03/2022, 22:42:48",1792.098,19.479,1.263,0.9622,0.6158,
490,exp(TestDifferentInitSeed3407)_gdbls_conv3block3_on_cifar10,"08/10/2022, 11:40:10",1082.136,14.428,0.491,0.9202,0.7152,
491,exp(TestDifferentInitSeed3407)_gdbls_conv3block3_on_cifar100,"08/10/2022, 12:05:19",942.718,13.864,0.886,0.679,1.9219,
492,exp(TestDifferentInitSeed3407)_gdbls_conv3block3_on_svhn,"08/10/2022, 12:41:27",1343.31,19.468,1.254,0.9626,0.6137,
493,exp(TestDifferentInitSeed3407)_gdbls_conv3block3_on_cifar10,"08/10/2022, 13:03:49",850.851,14.421,0.493,0.9146,0.724,
494,exp(TestDifferentInitSeed3407)_gdbls_conv3block3_on_cifar100,"08/10/2022, 13:38:28",1303.308,13.865,0.887,0.6948,1.8865,
495,exp(TestDifferentInitSeed3407)_gdbls_conv3block3_on_svhn,"08/10/2022, 14:20:16",1557.441,19.468,1.25,0.9641,0.6093,
496,exp(TestDifferentInitSeed3407)_gdbls_conv3block3_on_cifar10,"08/10/2022, 14:49:45",1125.216,14.426,0.492,0.9195,0.712,
497,exp(TestDifferentInitSeed3407)_gdbls_conv3block3_on_cifar100,"08/10/2022, 15:15:39",970.817,13.869,0.886,0.6806,1.9161,
498,exp(TestDifferentInitSeed3407)_gdbls_conv3block3_on_svhn,"08/10/2022, 15:45:06",1090.871,19.48,1.259,0.9634,0.6111,
499,exp(TestDifferentInitSeed3407)_gdbls_conv3block3_on_cifar10,"08/10/2022, 18:15:17",1080.064,14.401,0.491,0.9239,0.709,
500,exp(TestDifferentInitSeed3407)_gdbls_conv3block3_on_cifar100,"08/10/2022, 18:37:07",816.693,13.842,0.884,0.6771,1.93,
501,exp(TestDifferentInitSeed3407)_gdbls_conv3block3_on_svhn,"08/10/2022, 19:12:12",1303.516,19.455,1.252,0.9645,0.6106,
502,exp(resnet_fpnTest)_resnet_fpn_on_cifar10,"08/14/2022, 22:35:28",540.155,16.368,0.653,0.752,2.0758,
503,exp(resnet_fpnTest)_resnet_fpn_on_cifar100,"08/14/2022, 22:47:53",436.866,15.602,1.15,0.4148,2.9998,
504,exp(resnet_fpnTest)_resnet_fpn_on_svhn,"08/14/2022, 23:38:28",1742.902,19.366,1.526,0.9434,0.6421,
505,exp(resnet_fpnTest)_resnet_fpn_on_cifar10,"08/15/2022, 00:07:20",1054.264,16.473,0.661,0.7318,1.1284,
506,exp(resnet_fpnTest)_resnet_fpn_on_cifar100,"08/15/2022, 00:13:44",218.215,15.587,1.153,0.3576,3.803,
507,exp(resnet_fpnTest)_resnet_fpn_on_svhn,"08/15/2022, 00:34:20",697.755,19.382,1.534,0.8436,0.9441,
508,exp(resnet_fpnTest)_resnet_fpn_on_cifar10,"08/15/2022, 01:10:49",1335.788,16.491,0.663,0.8265,0.9211,
509,exp(resnet_fpnTest)_resnet_fpn_on_cifar100,"08/15/2022, 01:15:05",141.321,15.702,1.154,0.3305,7.7289,
510,exp(resnet_fpnTest)_resnet_fpn_on_svhn,"08/15/2022, 01:38:24",792.134,19.32,1.53,0.8617,0.8622,
511,exp(resnet_fpnTest_patience20)_resnet_fpn_on_cifar10,"08/15/2022, 21:45:37",164.586,16.459,0.649,0.5813,2.8008,
512,exp(resnet_fpnTest_patience20)_resnet_fpn_on_cifar10,"08/15/2022, 21:59:26",180.838,16.44,0.641,0.496,2.2252,
513,exp(resnet_fpnTest_patience20)_resnet_fpn_on_cifar100,"08/15/2022, 22:16:09",593.544,15.62,1.14,0.4435,2.91,
514,exp(resnet_fpnTest_patience20)_resnet_fpn_on_svhn,"08/15/2022, 22:31:06",501.427,19.286,1.518,0.622,1.7793,
515,exp(resnet_fpnTest_patience20)_resnet_fpn_on_cifar10,"08/15/2022, 22:36:20",180.027,16.366,0.645,0.5998,1.8342,
516,exp(resnet_fpnTest_patience20)_resnet_fpn_on_cifar100,"08/15/2022, 22:41:01",156.938,15.694,1.146,0.293,4.8192,
517,exp(resnet_fpnTest_patience20)_resnet_fpn_on_svhn,"08/15/2022, 23:00:25",656.271,19.302,1.515,0.742,2.1315,
518,exp(resnet_fpnTest_patience20)_resnet_fpn_on_cifar10,"08/15/2022, 23:08:18",278.156,16.362,0.643,0.4881,1.6629,
519,exp(resnet_fpnTest_patience20)_resnet_fpn_on_cifar100,"08/15/2022, 23:19:27",391.759,15.67,1.146,0.4065,4.6245,
520,exp(resnet_fpnTest_patience20)_resnet_fpn_on_svhn,"08/15/2022, 23:44:25",849.945,19.317,1.52,0.6852,4.4592,
521,exp(resnet_fpnTest_patience20)_resnet_fpn_on_cifar10,"08/15/2022, 23:51:52",262.251,16.391,0.646,0.5629,1.4793,
522,exp(resnet_fpnTest_patience20)_resnet_fpn_on_cifar100,"08/15/2022, 23:58:43",235.369,15.691,1.147,0.2946,4.3838,
523,exp(resnet_fpnTest_patience20)_resnet_fpn_on_svhn,"08/16/2022, 00:10:56",406.206,19.343,1.521,0.7387,1.2685,
524,exp(resnet_fpnTest_patience20)_resnet_fpn_on_cifar10,"08/16/2022, 00:17:30",229.77,16.412,0.646,0.6783,2.8142,
525,exp(resnet_fpnTest_patience20)_resnet_fpn_on_cifar100,"08/16/2022, 00:20:53",109.49,15.641,1.146,0.2531,34.8836,
526,exp(resnet_fpnTest_patience20_dropout4)_resnet_fpn_on_cifar10,"08/16/2022, 00:44:31",379.701,16.509,0.651,0.5883,2.1629,
527,exp(resnet_fpnTest_patience20_dropout4)_resnet_fpn_on_cifar100,"08/16/2022, 00:48:21",124.989,15.624,1.149,0.2235,34.1481,
528,exp(resnet_fpnTest_patience20_dropout4)_resnet_fpn_on_svhn,"08/16/2022, 01:10:33",753.751,19.327,1.523,0.6796,1.3213,
529,exp(resnet_fpnTest_patience20_dropout4)_resnet_fpn_on_cifar10,"08/16/2022, 01:38:34",1022.582,16.493,0.656,0.8151,0.9423,
530,exp(resnet_fpnTest_patience20_dropout4)_resnet_fpn_on_cifar100,"08/16/2022, 01:51:32",457.148,15.764,1.155,0.4336,4.7246,
531,exp(resnet_fpnTest_patience20_dropout4)_resnet_fpn_on_svhn,"08/16/2022, 02:00:26",290.23,19.349,1.524,0.7855,1.7733,
532,exp(resnet_fpnTest_patience20_dropout4)_resnet_fpn_on_cifar10,"08/16/2022, 02:05:14",163.947,16.395,0.648,0.5179,2.5162,
533,exp(resnet_fpnTest_patience20_dropout4)_resnet_fpn_on_cifar100,"08/16/2022, 02:13:24",283.113,15.729,1.151,0.3775,4.0694,
534,exp(resnet_fpnTest_patience20_dropout4)_resnet_fpn_on_svhn,"08/16/2022, 02:38:55",868.439,19.299,1.523,0.783,1.0865,
535,exp(resnet_fpnTest_patience20_dropout4)_resnet_fpn_on_cifar10,"08/16/2022, 02:58:52",724.234,16.46,0.652,0.7723,1.0616,
536,exp(resnet_fpnTest_patience20_dropout4)_resnet_fpn_on_cifar100,"08/16/2022, 03:05:17",219.738,15.696,1.153,0.2801,8.1358,
537,exp(resnet_fpnTest_patience20_dropout4)_resnet_fpn_on_svhn,"08/16/2022, 03:12:30",231.415,19.285,1.522,0.7402,1.6041,
538,exp(resnet_fpnTest_patience20_dropout4)_resnet_fpn_on_cifar10,"08/16/2022, 03:16:25",131.006,16.376,0.648,0.4554,1.8441,
539,exp(resnet_fpnTest_patience20_dropout4)_resnet_fpn_on_cifar100,"08/16/2022, 03:20:40",141.131,15.681,1.151,0.3112,16.8284,
540,exp(resnet_fpnTest_patience20_dropout4)_resnet_fpn_on_svhn,"08/16/2022, 03:45:46",855.797,19.45,1.527,0.9107,0.7349,
541,exp(resnet_fpnTest_noearlystop_dropout0-4)_resnet_fpn_on_cifar10,"08/16/2022, 09:01:36",179.223,16.293,0.643,0.5114,2.5911,
542,exp(resnet_fpnTest_noearlystop_dropout0-4)_resnet_fpn_on_cifar100,"08/16/2022, 09:04:58",109.207,15.601,1.138,0.266,12.592,
543,exp(resnet_fpnTest_noearlystop_dropout0-4)_resnet_fpn_on_svhn,"08/16/2022, 09:25:22",691.346,19.204,1.504,0.579,1.5536,
544,exp(resnet_fpnTest_noearlystop_dropout0-4)_resnet_fpn_on_cifar10,"08/16/2022, 09:34:38",328.302,16.415,0.643,0.6077,1.7227,
545,exp(resnet_fpnTest_noearlystop_dropout0-4)_resnet_fpn_on_cifar100,"08/16/2022, 09:39:44",171.981,15.635,1.14,0.2939,4.0625,
546,exp(resnet_fpnTest_noearlystop_dropout0-4)_resnet_fpn_on_svhn,"08/16/2022, 10:10:36",1055.762,19.196,1.502,0.9266,0.6921,
547,exp(resnet_fpnTest_noearlystop_dropout0-4)_resnet_fpn_on_cifar10,"08/16/2022, 10:19:20",310.29,16.331,0.638,0.585,2.1425,
548,exp(resnet_fpnTest_noearlystop_dropout0-4)_resnet_fpn_on_cifar100,"08/16/2022, 10:41:39",797.439,15.636,1.136,0.4671,2.7337,
549,exp(resnet_fpnTest_noearlystop_dropout0-4)_resnet_fpn_on_svhn,"08/16/2022, 10:47:10",173.007,19.223,1.509,0.6935,1.2766,
550,exp(resnet_fpnTest_noearlystop_dropout0-4)_resnet_fpn_on_cifar10,"08/16/2022, 11:01:13",505.645,16.311,0.638,0.7181,1.8672,
551,exp(resnet_fpnTest_noearlystop_dropout0-4)_resnet_fpn_on_cifar100,"08/16/2022, 11:39:53",1391.899,15.639,1.141,0.5278,2.4452,
552,exp(resnet_fpnTest_noearlystop_dropout0-4)_resnet_fpn_on_svhn,"08/16/2022, 11:59:46",673.589,19.245,1.511,0.6459,1.6376,
553,exp(resnet_fpnTest_noearlystop_dropout0-4)_resnet_fpn_on_cifar10,"08/16/2022, 12:04:07",146.895,16.322,0.642,0.5232,12.6741,
554,exp(resnet_fpnTest_noearlystop_dropout0-4)_resnet_fpn_on_cifar100,"08/16/2022, 12:08:46",155.51,15.551,1.132,0.1906,3.8326,
555,exp(resnet_fpnTest_noearlystop_dropout0-4)_resnet_fpn_on_svhn,"08/16/2022, 12:26:29",598.392,19.303,1.509,0.7219,1.2767,
556,exp(resnet_fpnTest_earlystoppatience20_dropout0-4)_resnet_fpn_on_cifar10,"08/16/2022, 14:32:03",1242.704,16.351,0.648,0.6567,1.31,
557,exp(resnet_fpnTest_earlystoppatience20_dropout0-4)_resnet_fpn_on_cifar100,"08/16/2022, 15:03:25",1126.182,15.641,1.146,0.4002,3.352,
558,exp(resnet_fpnTest_earlystoppatience20_dropout0-4)_resnet_fpn_on_svhn,"08/16/2022, 15:49:17",1578.912,19.255,1.51,0.8794,0.8462,
559,exp(resnet_fpnTest_earlystoppatience20_dropout0-4)_resnet_fpn_on_cifar10,"08/16/2022, 16:10:25",768.052,16.342,0.644,0.699,1.3955,
560,exp(resnet_fpnTest_earlystoppatience20_dropout0-4)_resnet_fpn_on_cifar100,"08/16/2022, 16:42:16",1143.543,15.665,1.149,0.3798,3.1453,
561,exp(resnet_fpnTest_earlystoppatience20_dropout0-4)_resnet_fpn_on_svhn,"08/16/2022, 17:19:53",1291.02,19.269,1.512,0.9068,0.7711,
562,exp(resnet_fpnTest_earlystoppatience20_dropout0-4)_resnet_fpn_on_cifar10,"08/16/2022, 17:40:38",754.839,16.41,0.645,0.7579,1.2408,
563,exp(resnet_fpnTest_earlystoppatience20_dropout0-4)_resnet_fpn_on_cifar100,"08/16/2022, 17:59:07",658.692,15.683,1.144,0.3535,4.8678,
564,exp(resnet_fpnTest_earlystoppatience20_dropout0-4)_resnet_fpn_on_svhn,"08/16/2022, 18:21:49",772.482,19.312,1.509,0.6538,2.1601,
565,exp(resnet_fpnTest_earlystoppatience20_dropout0-4)_resnet_fpn_on_cifar10,"08/16/2022, 18:46:29",898.611,16.338,0.644,0.6168,1.5655,
566,exp(resnet_fpnTest_earlystoppatience40_lrpatience20_drop03)_resnet_fpn_on_cifar10,"08/16/2022, 19:18:04",904.077,16.438,0.647,0.6752,3.1955,
567,exp(resnet_fpnTest_earlystoppatience40_lrpatience20_drop03)_resnet_fpn_on_cifar100,"08/16/2022, 19:50:46",1174.378,15.658,1.15,0.4749,6.1773,
568,exp(resnet_fpnTest_earlystoppatience40_lrpatience20_drop03)_resnet_fpn_on_svhn,"08/16/2022, 21:41:58",3856.873,19.284,1.514,0.9516,0.6258,
569,exp(resnet_fpnTest_earlystoppatience40_lrpatience20_drop03)_resnet_fpn_on_cifar10,"08/16/2022, 23:11:01",3283.04,16.415,0.648,0.8455,1.1421,
570,exp(resnet_fpnTest_earlystoppatience40_lrpatience20_drop03)_resnet_fpn_on_cifar100,"08/16/2022, 23:37:48",959.771,15.734,1.151,0.4805,4.1555,
571,exp(resnet_fpnTest_earlystoppatience40_lrpatience20_drop03)_resnet_fpn_on_svhn,"08/17/2022, 01:29:25",3872.163,19.361,1.519,0.9445,0.6444,
572,exp(resnet_fpnTest_earlystoppatience40_lrpatience20_drop03)_resnet_fpn_on_cifar10,"08/17/2022, 01:55:36",955.133,16.468,0.651,0.7304,1.6644,
573,exp(resnet_fpnTest_earlystoppatience40_lrpatience20_drop03)_resnet_fpn_on_cifar100,"08/17/2022, 02:37:27",1506.079,15.688,1.153,0.4499,4.3061,
574,exp(resnet_fpnTest_earlystoppatience40_lrpatience20_drop03)_resnet_fpn_on_svhn,"08/17/2022, 03:21:49",1526.267,19.32,1.519,0.9057,1.0358,
575,exp(resnet_fpnTest_earlystoppatience40_lrpatience20_drop03)_resnet_fpn_on_cifar10,"08/17/2022, 03:56:48",1280.962,16.423,0.656,0.7786,1.0564,
576,exp(resnet_fpnTest_earlystoppatience40_lrpatience20_drop03)_resnet_fpn_on_cifar100,"08/17/2022, 04:40:25",1570.417,15.704,1.152,0.5009,2.5989,
577,exp(resnet_fpnTest_earlystoppatience40_lrpatience20_drop03)_resnet_fpn_on_svhn,"08/17/2022, 05:16:24",1233.551,19.274,1.521,0.8117,1.0198,
578,exp(resnet_fpnTest_earlystoppatience40_lrpatience20_drop03)_resnet_fpn_on_cifar10,"08/17/2022, 06:45:29",3281.835,16.409,0.65,0.8661,0.8387,
579,exp(resnet_fpnTest_earlystoppatience40_lrpatience20_drop03)_resnet_fpn_on_cifar100,"08/17/2022, 07:29:05",1570.287,15.703,1.154,0.5213,2.4873,
580,exp(resnet_fpnTest_earlystoppatience40_lrpatience20_drop03)_resnet_fpn_on_svhn,"08/17/2022, 08:19:32",1737.544,19.306,1.519,0.9059,6.0815,
581,exp(TestAvgPooling2)_gdbls_conv3block3_on_cifar10,"08/19/2022, 12:39:14",1003.763,14.547,0.531,0.9249,0.6939,
582,exp(TestAvgPooling2)_gdbls_conv3block3_on_cifar100,"08/19/2022, 13:09:17",1132.419,13.98,0.926,0.6702,1.9258,
583,exp(TestAvgPooling2)_gdbls_conv3block3_on_svhn,"08/19/2022, 13:45:03",1335.968,19.647,1.286,0.9654,0.6008,
584,exp(TestAvgPooling2)_gdbls_conv3block3_on_cifar10,"08/19/2022, 14:12:54",1065.571,14.597,0.534,0.9268,0.6925,
585,exp(TestAvgPooling2)_gdbls_conv3block3_on_cifar100,"08/19/2022, 14:31:56",713.482,13.99,0.913,0.6536,1.9867,
586,exp(TestAvgPooling2)_gdbls_conv3block3_on_svhn,"08/19/2022, 15:10:19",1435.122,19.659,1.286,0.9674,0.5916,
587,exp(TestAvgPooling2)_gdbls_conv3block3_on_cifar10,"08/19/2022, 15:39:55",1135.287,14.555,0.526,0.927,0.691,
588,exp(TestAvgPooling2)_gdbls_conv3block3_on_cifar100,"08/19/2022, 16:04:28",923.653,13.995,0.915,0.6706,1.9407,
589,exp(TestAvgPooling2)_gdbls_conv3block3_on_svhn,"08/19/2022, 16:46:23",1570.331,19.629,1.279,0.9681,0.5949,
590,exp(TestAvgPooling2)_gdbls_conv3block3_on_cifar10,"08/19/2022, 17:18:16",1223.3,14.563,0.527,0.925,0.6908,
591,exp(TestAvgPooling2)_gdbls_conv3block3_on_cifar100,"08/19/2022, 17:46:51",1077.325,13.991,0.915,0.6703,1.948,
592,exp(TestAvgPooling2)_gdbls_conv3block3_on_svhn,"08/19/2022, 18:18:30",1179.94,19.666,1.293,0.9655,0.6001,
593,exp(TestAvgPooling2)_gdbls_conv3block3_on_cifar10,"08/19/2022, 18:43:36",960.11,14.547,0.527,0.9238,0.6978,
594,exp(TestAvgPooling2)_gdbls_conv3block3_on_cifar100,"08/19/2022, 19:03:45",755.607,13.993,0.915,0.6674,1.9422,
595,exp(TestAvgPooling2)_gdbls_conv3block3_on_svhn,"08/19/2022, 19:27:02",863.595,19.627,1.266,0.965,0.6024,
596,exp(TestPLVA2)_gdbls_conv3block3_on_cifar10,"08/19/2022, 20:11:03",947.262,14.573,0.536,0.9129,0.7309,
597,exp(TestPLVA2)_gdbls_conv3block3_on_cifar100,"08/19/2022, 20:34:15",864.312,13.941,0.93,0.6901,1.8913,
598,exp(TestPLVA2)_gdbls_conv3block3_on_svhn,"08/19/2022, 21:09:40",1312.581,19.591,1.303,0.9642,0.6093,
599,exp(TestPLVA2)_gdbls_conv3block3_on_cifar10,"08/19/2022, 21:47:04",1424.957,14.54,0.536,0.9251,0.6971,
600,exp(TestPLVA2)_gdbls_conv3block3_on_cifar10,"08/19/2022, 22:38:48",1022.4,14.606,0.537,0.9216,0.713,1.7287518978118896
601,exp(TestPLVA2)_gdbls_conv3block3_on_cifar100,"08/19/2022, 23:06:31",1035.132,13.988,0.931,0.689,1.887,1.69335675239563
602,exp(TestPLVA2)_gdbls_conv3block3_on_svhn,"08/19/2022, 23:40:25",1254.759,19.606,1.315,0.9655,0.6071,4.651049852371216
603,exp(TestMnist)_gdbls_conv3block3_on_mnist,"08/20/2022, 01:26:53",758.915,16.865,0.609,0.9932,0.5186,1.7032082080841064
604,exp(TestMnist)_gdbls_conv3block3_on_mnist,"08/20/2022, 01:45:11",690.331,16.837,0.608,0.9912,0.5203,1.7019577026367188
605,exp(TestMnist)_gdbls_conv3block3_on_mnist,"08/20/2022, 02:00:26",572.876,16.849,0.608,0.9925,0.52,1.703307867050171
606,exp(TestMnist)_gdbls_conv3block3_on_mnist,"08/20/2022, 02:15:14",555.695,16.839,0.607,0.9932,0.5189,1.705636978149414
607,exp(TestMnist)_gdbls_conv3block3_on_mnist,"08/20/2022, 02:28:42",504.877,16.829,0.606,0.9927,0.5182,1.7060894966125488
608,exp(TestMnist)_gdbls_conv3block3_on_mnist,"08/20/2022, 02:47:25",706.253,16.816,0.606,0.9933,0.5194,1.699810028076172
609,exp(TestMnist)_gdbls_conv3block3_on_mnist,"08/20/2022, 03:07:28",757.379,16.831,0.607,0.9921,0.5196,1.7009494304656982
610,exp(TestMnist)_gdbls_conv3block3_on_mnist,"08/20/2022, 03:34:05",1009.429,16.824,0.607,0.9933,0.5182,1.7028794288635254
611,exp(TestMnist)_gdbls_conv3block3_on_mnist,"08/20/2022, 03:53:42",740.639,16.833,0.607,0.9928,0.5187,1.7019217014312744
612,exp(TestMnist)_gdbls_conv3block3_on_mnist,"08/20/2022, 04:07:37",521.775,16.831,0.608,0.9926,0.5202,1.702124834060669
613,exp(TestCatOrDog)_gdbls_conv3block3_dogcatversion_on_catordog,"08/21/2022, 18:54:38",623.25,51.937,4.196,0.6272,0.6738,4.210590839385986
614,exp(TestCatOrDog)_gdbls_conv3block3_dogcatversion_on_catordog,"08/21/2022, 19:40:11",1358.454,75.47,6.064,0.5024,0.6992,6.055741786956787
615,exp(TestCatOrDog)_gdbls_conv3block3_dogcatversion_on_catordog,"08/21/2022, 19:57:59",755.499,75.55,6.132,0.5164,0.8275,6.448869228363037
616,exp(TestCatOrDog)_gdbls_conv3block3_dogcatversion_on_catordog,"08/21/2022, 20:13:40",554.026,23.084,2.283,0.9004,0.3813,2.2996623516082764
617,exp(TestCatOrDogv2)_gdbls_conv3block3_dogcatversion_on_catordog,"08/21/2022, 20:45:46",1048.415,20.162,2.291,0.9163,0.356,2.2928953170776367
618,exp(TestCatOrDogv2)_gdbls_conv3block3_dogcatversion_on_catordog,"08/21/2022, 21:08:25",879.963,19.999,2.269,0.9075,0.3762,2.25736927986145
619,exp(TestCatOrDogv2)_gdbls_conv3block3_dogcatversion_on_catordog,"08/21/2022, 21:19:46",438.733,19.942,2.257,0.8662,0.4618,2.2602362632751465
620,exp(TestCatOrDogv2)_gdbls_conv3block3_dogcatversion_on_catordog,"08/21/2022, 21:38:47",739.211,19.979,2.262,0.9103,0.3666,2.2578725814819336
621,exp(TestCatOrDogv2)_gdbls_conv3block3_dogcatversion_on_catordog,"08/21/2022, 21:56:16",678.42,19.954,2.258,0.9008,0.3916,2.261469841003418
